;;;;Catégories;;;;;;Groupes réels;;;Accès tâches utilisateur;;;;;;;;;;;;;;Région Morges;;;;;;;;;;;;;;;;;
;;;;;;;;;;;;;Secrétariats;;;;;;;;;;;;;;;;;;;;;;;;;;;;;;;
;;;;;;;;;;;;; Central;;;Régional;;;Paroissial;;;;;;;;;;;;;;;;;;;;;;;;;
;;;;Superstructures groupes A;;Superstructures groupes B;;Superstructures groupes C;;Groupes;;Sous-Groupes A;Consultation;Composition;Définition;Consultation;Composition;Définition;Consultation;Composition;Définition;Abacus;A décider…;Focntions;Bénévoles;Code FM pro;;;;;;;;;;;;;;;;;;
10000;1;0100000000;1;Paramètres transversaux;;;;;;;;;;;;;;;;;;;;;;;;;;;;;;;;;;;;;;;;
11000;1.1;0101000000;;;1;Fonctions générales;;;;;;;;;;;;;;;;;;;;;;;;;;;;;;;;;;;;;;
11100;1.1.1;0101010000;;;;;1;Fonctions en Assemblée;;;;;;;;;;;;;;;;1;;;;;;;;;;;;;;;;;;;;
11110;1.1.1 - 1;0101010100;;;;;;;1;Membre;;;O;O;;O;O;;O;O;;;;;;;;;;;;;;;;;;;;;;;;
11120;1.1.1 - 2;0101010200;;;;;;;2;Président;;;O;O;;O;O;;O;O;;;;;;;;;;;;;;;;;;;;;;;;
11130;1.1.1 - 3;0101010300;;;;;;;3;Vice-président;;;O;O;;O;O;;O;O;;;;;;;;;;;;;;;;;;;;;;;;
11140;1.1.1 - 4;0101010400;;;;;;;4;Secrétaire;;;O;O;;O;O;;O;O;;;;;;;;;;;;;;;;;;;;;;;;
11150;1.1.1 - 5;0101010500;;;;;;;5;Scrutateur;;;O;O;;O;O;;O;O;;;;;;;;;;;;;;;;;;;;;;;;
11160;1.1.1 - 6;0101010600;;;;;;;6;Membre du Bureau;;;O;O;;O;O;;O;O;;;;;;;;;;;;;;;;;;;;;;;;
11200;1.1.2;0101020000;;;;;2;Fonction en Conseil;;;;;;;;;;;;;;;;2;;;;;;;;;;;;;;;;;;;;
11210;1.1.2 - 1;0101020100;;;;;;;1;Membre;;;O;O;;O;O;;O;O;;;;;;;;;;;;;;;;;;;;;;;;
11220;1.1.2 - 2;0101020200;;;;;;;2;Président;;;O;O;;O;O;;O;O;;;;;;;;;;;;;;;;;;;;;;;;
11230;1.1.2 - 3;0101020300;;;;;;;3;Vice-président;;;O;O;;O;O;;O;O;;;;;;;;;;;;;;;;;;;;;;;;
11240;1.1.2 - 4;0101020400;;;;;;;4;Secrétaire;;;O;O;;O;O;;O;O;;;;;;;;;;;;;;;;;;;;;;;;
11250;1.1.2 - 5;0101020500;;;;;;;5;Trésorier;;;O;O;;O;O;;O;O;;;;;;;;;;;;;;;;;;;;;;;;
11260;1.1.2 - 6;0101020600;;;;;;;6;Membre du Bureau;;;O;O;;O;O;;O;O;;;;;;;;;;;;;;;;;;;;;;;;
11300;1.1.3;0101030000;;;;;3;Fonctions en Commission;;;;;;;;;;;;;;;;3;;;;;;;;;;;;;;;;;;;;
11310;1.1.3 - 1;0101030100;;;;;;;1;Membre;;;O;O;;O;O;;O;O;;;;;;;;;;;;;;;;;;;;;;;;
11320;1.1.3 - 2;0101030200;;;;;;;2;Président;;;O;O;;O;O;;O;O;;;;;;;;;;;;;;;;;;;;;;;;
11330;1.1.3 - 3;0101030300;;;;;;;3;Vice-président;;;O;O;;O;O;;O;O;;;;;;;;;;;;;;;;;;;;;;;;
11340;1.1.3 - 4;0101030400;;;;;;;4;Secrétaire;;;O;O;;O;O;;O;O;;;;;;;;;;;;;;;;;;;;;;;;
11350;1.1.3 - 5;0101030500;;;;;;;5;Membre du Bureau;;;O;O;;O;O;;O;O;;;;;;;;;;;;;;;;;;;;;;;;
11360;1.1.3 - 6;0101030600;;;;;;;6;Suppléant;;;O;O;;O;O;;O;O;;;;;;;;;;;;;;;;;;;;;;;;
11400;1.1.4;0101040000;;;;;4;Fonctions en Projet / Mandat / Cellule;;;;;;;;;;;;;;;;4;;;;;;;;;;;;;;;;;;;;
11410;1.1.4 - 1;0101040100;;;;;;;1;Membre;;;O;O;;O;O;;O;O;;;;;;;;;;;;;;;;;;;;;;;;
11420;1.1.4 - 2;0101040200;;;;;;;2;Responsable;;;O;O;;O;O;;O;O;;;;;;;;;;;;;;;;;;;;;;;;
11430;1.1.4 - 3;0101040300;;;;;;;3;Bénévole;;;O;O;;O;O;;O;O;;;;;;;;;;;;;;;;;;;;;;;;
11500;1.1.4 - 4;0101040400;;;;;5;Fonctions Groupe quelconque;4;;;;;;;;;;;;;;;5;;;;;;;;;;;;;;;;;;;;
11510;1.1.4 - 5;0101040500;;;;;;;5;Membre;;;O;O;;O;O;;O;O;;;;;;;;;;;;;;;;;;;;;;;;
11520;1.1.4 - 6;0101040600;;;;;;;6;Responsable;;;O;O;;O;O;;O;O;;;;;;;;;;;;;;;;;;;;;;;;
11530;1.1.4 - 7;0101040700;;;;;;;7;Animateur;;;O;O;;O;O;;O;O;;;;;;;;;;;;;;;;;;;;;;;;
11540;1.1.4 - 8;0101040800;;;;;;;8;Bénévole;;;O;O;;O;O;;O;O;;;;;;;;;;;;;;;;;;;;;;;;
11600;1.1.6;0101060000;;;;;6;Fonctions Comité;;;;;;;;;;;;;;;;6;;;;;;;;;;;;;;;;;;;;
11610;1.1.6 - 1;0101060100;;;;;;;1;Membre;;;O;O;;O;O;;O;O;;;;;;;;;;;;;;;;;;;;;;;;
11620;1.1.6 - 2;0101060200;;;;;;;2;Président;;;O;O;;O;O;;O;O;;;;;;;;;;;;;;;;;;;;;;;;
11630;1.1.6 - 3;0101060300;;;;;;;3;Secrétaire;;;O;O;;O;O;;O;O;;;;;;;;;;;;;;;;;;;;;;;;
11700;1.1.7;0101070000;;;;;7;Staff Office EERV;;;;;;;;;;;;;;;;7;;;;;;;;;;;;;;;;;;;;
11710;1.1.7 - 1;0101070100;;;;;;;1;Responsable d'office;;;O;O;;O;;;O;;;;;;;;;;;;;;;;;;;;;;;;;
11720;1.1.7 - 2;0101070200;;;;;;;2;Collaborateur;;;O;O;;O;;;O;;;;;;;;;;;;;;;;;;;;;;;;;
11730;1.1.7 - 3;0101070300;;;;;;;3;Secrétaire;;;O;O;;O;;;O;;;;;;;;;;;;;;;;;;;;;;;;;
11740;1.1.7 - 4;0101070400;;;;;;;4;Responsable budgétaire autorisé;;;O;O;;O;;;O;;;;;;;;;;;;;;;;;;;;;;;;;
11750;1.1.7 - 5;0101070500;;;;;;;5;Conseiller synodal répondant;;;;;;;;;;;;;;;;;;;;;;;;;;;;;;;;;;
11800;1.1.8;0101080000;;;;;8;Staff Service EERV;;;;;;;;;;;;;;;;8;;;;;;;;;;;;;;;;;;;;
11810;1.1.8 - 1;0101080100;;;;;;;1;Coordinateur;;;O;O;;O;;;O;;;;;;;;;;;;;;;;;;;;;;;;;
11820;1.1.8 - 2;0101080200;;;;;;;2;Ministre;;;O;O;;O;;;O;;;;;;;;;;;;;;;;;;;;;;;;;
11830;1.1.8 - 3;0101080300;;;;;;;3;Secrétaire;;;O;O;;O;;;O;;;;;;;;;;;;;;;;;;;;;;;;;
11840;1.1.8 - 4;0101080400;;;;;;;4;Responsable budgétaire autorisé;;;O;O;;O;;;O;;;;;;;;;;;;;;;;;;;;;;;;;
11850;1.1.8 - 5;0101080500;;;;;;;5;Conseiller synodal répondant;;;O;O;;O;;;O;;;;;;;;;;;;;;;;;;;;;;;;;
11900;1.1.9;0101090000;;;;;9;Staff Lieu-Phare;;;;;;;;;;;;;;;;9;;;;;;;;;;;;;;;;;;;;
11910;1.1.9 - 1;0101090100;;;;;;;1;Ministre;;;O;O;;O;;;O;;;;;;;;;;;;;;;;;;;;;;;;;
11920;1.1.9 - 2;0101090200;;;;;;;2;Bénévoles;;;O;O;;O;;;O;;;;;;;;;;;;;;;;;;;;;;;;;
12000;1.1.10;0101100000;;;;;10;Staff Aumôneries œcuméniques;;;;;;;;;;;;;;;;10;;;;;;;;;;;;;;;;;;;;
12010;1.1.10 - 1;0101100100;;;;;;;1;Coordinateur;;;O;O;;O;;;O;;;;;;;;;;;;;;;;;;;;;;;;;
12020;1.1.10 - 2;0101100200;;;;;;;2;Aumôniers;;;;;;;;;;;;;;;;;;;;;;;;;;;;;;;;;;
12030;1.1.10 - 3;0101100300;;;;;;;3;Répondant réformé;;;;;;;;;;;;;;;;;;;;;;;;;;;;;;;;;;
12040;1.1.10 - 4;0101100400;;;;;;;4;Répondant catholique;;;O;O;;O;;;O;;;;;;;;;;;;;;;;;;;;;;;;;
12100;1.1.11;0101110000;;;;;11;Fonctions Partenaires;;;;;;;;;;;;;;;;11;;;;;;;;;;;;;;;;;;;;
12110;1.1.11 - 1;0101110100;;;;;;;1;Adresse générale;;;;;;;;;;;;;;;;;;;;;;;;;;;;;;;;;;
12120;1.1.11 - 2;0101110200;;;;;;;2;Directeur;;;;;;;;;;;;;;;;;;;;;;;;;;;;;;;;;;
12130;1.1.11 - 3;0101110300;;;;;;;3;Président;;;;;;;;;;;;;;;;;;;;;;;;;;;;;;;;;;
12140;1.1.11 - 4;0101110400;;;;;;;4;Responsable;;;;;;;;;;;;;;;;;;;;;;;;;;;;;;;;;;
12200;1.1.12;0101120000;;;;;12;Fonctions Municipalité;;;;;;;;;;;;;;;;16;;;;;;;;;;;;;;;;;;;;
12210;1.1.12 - 1;0101120100;;;;;;;1;Syndic;;;;;;;;;;;;;;;;;;;;;;;;;;;;;;;;;;
12220;1.1.12 - 2;0101120200;;;;;;;2;Municipal;;;;;;;;;;;;;;;;;;;;;;;;;;;;;;;;;;
12230;1.1.12 - 3;0101120300;;;;;;;3;Greffe;;;;;;;;;;;;;;;;;;;;;;;;;;;;;;;;;;
12300;1.1.13;0101130000;;;;;13;Fonctions simles;;;;;;;;;;;;;;;;17;;;;;;;;;;;;;;;;;;;;
12310;1.1.13 - 1;0101130100;;;;;;;1;Président;;;;;;;;;;;;;;;;;;;;;;;;;;;;;;;;;;
12320;1.1.13 - 2;0101130200;;;;;;;2;Membre;;;;;;;;;;;;;;;;;;;;;;;;;;;;;;;;;;
12400;1.1.14;0101140000;;;;;14;Fonctions Eglises sœurs;;;;;;;;;;;;;;;;12;;;;;;;;;;;;;;;;;;;;
12410;1.1.14 - 1;0101140100;;;;;;;1;Adresse générale;;;;;;;;;;;;;;;;;;;;;;;;;;;;;;;;;;
12420;1.1.14 - 2;0101140200;;;;;;;2;Président;;;;;;;;;;;;;;;;;;;;;;;;;;;;;;;;;;
12430;1.1.14 - 3;0101140300;;;;;;;3;Conseiller synodal;;;;;;;;;;;;;;;;;;;;;;;;;;;;;;;;;;
12440;1.1.14 - 4;0101140400;;;;;;;4;Chargé de communication;;;;;;;;;;;;;;;;;;;;;;;;;;;;;;;;;;
12500;1.1.15;0101150000;;;;;15;Fonctions Département CER;;;;;;;;;;;;;;;;13;;;;;;;;;;;;;;;;;;;;
12510;1.1.15 - 1;0101150100;;;;;;;1;Adresse générale;;;;;;;;;;;;;;;;;;;;;;;;;;;;;;;;;;
12520;1.1.15 - 2;0101150200;;;;;;;2;Directeur;;;;;;;;;;;;;;;;;;;;;;;;;;;;;;;;;;
12530;1.1.15 - 3;0101150300;;;;;;;3;Président conseil;;;;;;;;;;;;;;;;;;;;;;;;;;;;;;;;;;
12540;1.1.15 - 4;0101150400;;;;;;;4;Membre conseil;;;;;;;;;;;;;;;;;;;;;;;;;;;;;;;;;;
12550;1.1.15 - 5;0101150500;;;;;;;5;Collaborateur;;;;;;;;;;;;;;;;;;;;;;;;;;;;;;;;;;
12560;1.1.15 - 6;0101150600;;;;;;;6;Secrétaire;;;;;;;;;;;;;;;;;;;;;;;;;;;;;;;;;;
12570;1.1.15 - 7;0101150700;;;;;;;7;Répondant BCER;;;;;;;;;;;;;;;;;;;;;;;;;;;;;;;;;;
12600;1.1.16;0101160000;;;;;16;Fonctions Service Eglises partenaires;;;;;;;;;;;;;;;;14;;;;;;;;;;;;;;;;;;;;
12610;1.1.16 - 1;0101160100;;;;;;;1;Adresse générale;;;;;;;;;;;;;;;;;;;;;;;;;;;;;;;;;;
12620;1.1.16 - 2;0101160200;;;;;;;2;Directeur;;;;;;;;;;;;;;;;;;;;;;;;;;;;;;;;;;
12630;1.1.16 - 3;0101160300;;;;;;;3;Collaborateur;;;;;;;;;;;;;;;;;;;;;;;;;;;;;;;;;;
12640;1.1.16 - 4;0101160400;;;;;;;4;Secrétaire;;;;;;;;;;;;;;;;;;;;;;;;;;;;;;;;;;
12700;1.1.17;0101170000;;;;;17;Fonctions unités pastorales catholiques;;;;;;;;;;;;;;;;15;;;;;;;;;;;;;;;;;;;;
12710;1.1.17 - 1;0101170100;;;;;;;1;Adresse générale, secrétariat;;;;;;;;;;;;;;;;;;;;;;;;;;;;;;;;;;
12720;1.1.17 - 2;0101170200;;;;;;;2;Doyen;;;;;;;;;;;;;;;;;;;;;;;;;;;;;;;;;;
12800;1.1.18;0101180000;;;;;18;Fonctions ad libitum;;;;;O;O;O;O;O;O;O;O;O;;;;;;;;;;;;;;;;;;;;;;;
12810;1.1.18 - 1;0101180100;;;;;;;1;Fonctions libres n1, n2, n3;;;O;O;O;O;O;O;O;O;O;;;;;;;;;;;;;;;;;;;;;;;
15000;1.2;0102000000;;;2;Personnel EERV;;;;;;;;;;;;;;;;;;;;;;;;;;;;;;;;;;;;;;
15100;1.2.1;0102010000;;;;;1;Ministres (Cat.);;;;;;;;;;;;;;;;;;;;;;;;;;;;;;;;;;;;
15110;1.2.1 - 1;0102010100;;;;;;;1;Pasteurs;;;O;O;;O;;;O;;;Y;;;;;;;;;;;;;;;;;;;;;;
15120;1.2.1 - 2;0102010200;;;;;;;2;Diacres;;;O;O;;O;;;O;;;Y;;;;;;;;;;;;;;;;;;;;;;
15130;1.2.1 - 3;0102010300;;;;;;;3;Laïcs au service de la mission de l'Eglise;;;O;O;;O;;;O;;;Y;;;;;;;;;;;;;;;;;;;;;;
15200;1.2.2;0102020000;;;;;2;Administratifs;;;;;;;;;;;;;;;;;;;;;;;;;;;;;;;;;;;;
15210;1.2.2 - 1;0102020100;;;;;;;1;Responsable d'Office;;;O;O;;O;;;O;;;Y;;;;;;;;;;;;;;;;;;;;;;
15220;1.2.2 - 2;0102020200;;;;;;;2;Adjointe;;;O;O;;O;;;O;;;Y;;;;;;;;;;;;;;;;;;;;;;
15230;1.2.2 - 3;0102020300;;;;;;;3;Collaborateur;;;O;O;;O;;;O;;;Y;;;;;;;;;;;;;;;;;;;;;;
15240;1.2.2 - 4;0102020400;;;;;;;4;Secrétaire;;;O;O;;O;;;O;;;Y;;;;;;;;;;;;;;;;;;;;;;
15250;1.2.2 - 5;0102020500;;;;;;;5;Secrétaire régionale;;;O;;;O;O;;O;;;Y;;;;;;;;;;;;;;;;;;;;;;
15260;1.2.2 - 6;0102020600;;;;;;;6;Réceptioniste;;;O;O;;O;;;O;;;Y;;;;;;;;;;;;;;;;;;;;;;
15270;1.2.2 - 7;0102020700;;;;;;;7;Comptable;;;O;O;;O;;;O;;;Y;;;;;;;;;;;;;;;;;;;;;;
15280;1.2.2 - 8;0102020800;;;;;;;8;Comptable régional;;;O;;;O;O;;O;;;Y;;;;;;;;;;;;;;;;;;;;;;
15290;1.2.2 - 9;0102020900;;;;;;;9;Aide-comptable;;;O;O;;O;;;O;;;Y;;;;;;;;;;;;;;;;;;;;;;
15300;1.2.2 - 10;0102021000;;;;;;;10;Rédacteur;;;O;O;;O;;;O;;;Y;;;;;;;;;;;;;;;;;;;;;;
15310;1.2.2 - 11;0102021100;;;;;;;11;Rédacteur régional;;;O;;;O;O;;O;;;Y;;;;;;;;;;;;;;;;;;;;;;
15320;1.2.2 - 12;0102021200;;;;;;;12;Journaliste;;;O;O;;O;;;O;;;Y;;;;;;;;;;;;;;;;;;;;;;
15330;1.2.2 - 13;0102021300;;;;;;;13;Webmaster;;;O;O;;O;;;O;;;Y;;;;;;;;;;;;;;;;;;;;;;
15340;1.2.2 - 14;0102021400;;;;;;;14;Webmasteur régional;;;O;;;O;O;;O;;;Y;;;;;;;;;;;;;;;;;;;;;;
15350;1.2.2 - 15;0102021500;;;;;;;15;Informaticien;;;O;O;;O;;;O;;;Y;;;;;;;;;;;;;;;;;;;;;;
15360;1.2.2 - 16;0102021600;;;;;;;16;Informaticien régional;;;O;;;O;O;;O;;;Y;;;;;;;;;;;;;;;;;;;;;;
15370;1.2.2 - 17;0102021700;;;;;;;17;Graphiste;;;O;O;;O;;;O;;;Y;;;;;;;;;;;;;;;;;;;;;;
15380;1.2.2 - 18;0102021800;;;;;;;18;Autre;;;O;O;;O;;;O;;;Y;;;;;;;;;;;;;;;;;;;;;;
15390;1.2.2 - 19;0102021900;;;;;;;19;Autre régional;;;O;;;O;O;;O;;;Y;;;;;;;;;;;;;;;;;;;;;;
15500;1.2.3;0102030000;;;;;3;Ministres (statut);;;;;;;;;;;;;;;;;;;;;;;;;;;;;;;;;;;;
15510;1.2.3 - 1;0102030100;;;;;;;1;Coordinateur;;;O;O;;O;;;O;;;Y;;;;;;;;;;;;;;;;;;;;;;
15520;1.2.3 - 2;0102030200;;;;;;;2;Ministre cantonal;;;O;O;;O;;;O;;;Y;;;;;;;;;;;;;;;;;;;;;;
15530;1.2.3 - 3;0102030300;;;;;;;3;Ministre paroissial;;;O;O;;O;;;O;;;Y;;;;;;;;;;;;;;;;;;;;;;
15540;1.2.3 - 4;0102030400;;;;;;;4;Ministre de service communautaire;;;O;O;;O;;;O;;;Y;;;;;;;;;;;;;;;;;;;;;;
15550;1.2.3 - 5;0102030500;;;;;;;5;Aumônier;;;O;O;;O;;;O;;;Y;;;;;;;;;;;;;;;;;;;;;;
15560;1.2.3 - 6;0102030600;;;;;;;6;Ministre lieu phare;;;O;O;;O;;;O;;;Y;;;;;;;;;;;;;;;;;;;;;;
15570;1.2.3 - 7;0102030700;;;;;;;7;Suffragant;;;O;O;;O;;;O;;;Y;;;;;;;;;;;;;;;;;;;;;;
15580;1.2.3 - 8;0102030800;;;;;;;8;Vicaire;;;O;O;;O;;;O;;;Y;;;;;;;;;;;;;;;;;;;;;;
15590;1.2.3 - 9;0102030900;;;;;;;9;Stagiaire;;;O;O;;O;;;O;;;Y;;;;;;;;;;;;;;;;;;;;;;
15600;1.2.3 - 10;0102031000;;;;;;;10;Remplaçant;;;O;O;;O;;;O;;;Y;;;;;;;;;;;;;;;;;;;;;;
15610;1.2.3 - 11;0102031100;;;;;;;11;Intérimaire;;;O;O;;O;;;O;;;Y;;;;;;;;;;;;;;;;;;;;;;
15620;1.2.3 - 12;0102031200;;;;;;;12;Retraité;;;O;O;;O;;;O;;;Y;;;;;;;;;;;;;;;;;;;;;;
15630;1.2.3 - 13;0102031300;;;;;;;13;Autre;;;O;O;;O;;;O;;;Y;;;;;;;;;;;;;;;;;;;;;;
15700;1.2.4;0102040000;;;;;4;Membre organe indemnisé;;;;;;;;;;;;;;;;;;;;;;;;;;;;;;;;;;;;
15710;1.2.4 - 1;0102040100;;;;;;;1;Laïc indemnisé;;;O;O;;;;;;;;Y;;;;;;;;;;;;;;;;;;;;;;
15720;1.2.4 - 2;0102040200;;;;;;;2;Ministre indemnisé;;;O;O;;;;;;;;Y;;;;;;;;;;;;;;;;;;;;;;
15800;1.2.5;0102050000;;;;;5;Personnel libre;;;;;O;O;;;;;;;;;;;;;;;;;;;;;;;;;;;;;;
15810;1.2.5 - 1;0102050100;;;;;;;1;personnels n1, n2, n3;;;O;O;;;;;;;;;;;;;;;;;;;;;;;;;;;;;;
16000;1.3;0103000000;;;3;Association Personnel;;;;;;;;;;;;;;;;;;;;;;;;;;;;;;;;;;;;;;
16010;1.3.1;0103010000;;;;;1;Ministérielle;;;;;O;O;;;;;;;;Y;;;;;;;;;;;;;;;;;;;;;;
16020;1.3.1 - 1;0103010100;;;;;;;1;Comité Ministérielle;;;;;;;;;;;;;;6;;;;;;;;;;;;;;;;;;;;
16100;1.3.2;0103020000;;;;;2;Ass. des laïcs salariés;;;;;O;O;;;;;;;;Y;;;;;;;;;;;;;;;;;;;;;;
16110;1.3.2 - 1;0103020100;;;;;;;1;Comité ALS;;;;;;;;;;;;;;6;;;;;;;;;;;;;;;;;;;;
20000;2;0200000000;2;Synodal Cantonal Central;;;;;;;;;;;;;;;;;;;;;;;;;;;;;;;;;;;;;;;;
21000;2.1;0201000000;;;1;Autorités, Organes;;;;;;;;;;;;;;;;;;;;;;;;;;;;;;;;;;;;;;
21100;2.1.1;0201010000;;;;;1;Assemblée;;;;;;;;;;;;;;;;;;;;;;;;;;;;;;;;;;;;
21110;2.1.1 - 1;0201010100;;;;;;;1;Synode;;;O;O;;;;;;;;Y;;1;;;;;;;;;;;;;;;;;;;;
21120;2.1.1 - 1.1;0201010101;;;;;;;;;1;Délégations Régions 1;O;;;O;O;;O;;;Y;;;;Syn 01;;;;;;;;;;;;;;;;;;
21130;2.1.1 - 1.10;02010101010;;;;;;;;;2;Délégations Régions 2;O;;;O;O;;O;;;Y;;;;Syn 02;;;;;;;;;;;;;;;;;;
21140;2.1.1 - 1.11;02010101011;;;;;;;;;3;Délégations Régions 3;O;;;O;O;;O;;;Y;;;;Syn 03;;;;;;;;;;;;;;;;;;
21150;2.1.1 - 1.12;02010101012;;;;;;;;;4;Délégations Régions 4;O;;;O;O;;O;;;Y;;;;Syn 04;;;;;;;;;;;;;;;;;;
21160;2.1.1 - 1.13;02010101013;;;;;;;;;5;Délégations Régions 5;O;;;O;O;;O;;;Y;;;;Syn 05;;;;;;;;;;;;;;;;;;
21170;2.1.1 - 1.14;02010101014;;;;;;;;;6;Délégations Régions 6;O;;;O;O;;O;;;Y;;;;Syn 06;;;;;;;;;;;;;;;;;;
21180;2.1.1 - 1.15;02010101015;;;;;;;;;7;Délégations Régions 7;O;;;O;O;;O;;;Y;;;;Syn 07;;;;;;;;;;;;;;;;;;
21190;2.1.1 - 1.2;0201010102;;;;;;;;;8;Délégations Régions 8;O;;;O;O;;O;;;Y;;;;Syn 08;;;;;;;;;;;;;;;;;;
21200;2.1.1 - 1.3;0201010103;;;;;;;;;9;Délégations Régions 9;O;;;O;O;;O;;;Y;;;;Syn 09;;;;;;;;;;;;;;;;;;
21210;2.1.1 - 1.4;0201010104;;;;;;;;;10;Délégations Régions 10;O;;;O;O;;O;;;Y;;;;Syn 10;;;;;;;;;;;;;;;;;;
21220;2.1.1 - 1.5;0201010105;;;;;;;;;11;Délégations Régions 11;O;;;O;O;;O;;;Y;;;;Syn 11;;;;;;;;;;;;;;;;;;
21230;2.1.1 - 1.6;0201010106;;;;;;;;;12;Délégation PLA;O;O;;O;;;O;;;Y;;;;Syn PLA;;;;;;;;;;;;;;;;;;
21240;2.1.1 - 1.7;0201010107;;;;;;;;;13;Délégation Cantonaux;O;O;;O;;;O;;;Y;;;;Syn Min;;;;;;;;;;;;;;;;;;
21250;2.1.1 - 1.8;0201010108;;;;;;;;;14;Délégation Etat;O;O;;O;;;O;;;Y;?;;;Syn Eta;;;;;;;;;;;;;;;;;;
21260;2.1.1 - 1.9;0201010109;;;;;;;;;15;Délégation FTSR;O;O;;O;;;O;;;Y;?;;;Syn Pro;;;;;;;;;;;;;;;;;;
21300;2.1.2;0201020000;;;;;2;Conseils;;;;;;;;;;;;;;;;;;;;;;;;;;;;;;;;;;;;
21310;2.1.2 - 1;0201020100;;;;;;;1;Conseil synodal;;;O;O;;O;;;O;;;Y;;2;;CSY;;;;;;;;;;;;;;;;;;
21320;2.1.2 - 2;0201020200;;;;;;;2;Conseil SFA;;;O;O;;O;;;O;;;Y;;2;;SFA;;;;;;;;;;;;;;;;;;
21330;2.1.2 - 3;0201020300;;;;;;;3;Conseil SSAS;;;O;O;;O;;;O;;;Y;;;;SSAS;;;;;;;;;;;;;;;;;;
21340;2.1.2 - 4;0201020400;;;;;;;4;Conseil STN;;;O;O;;O;;;O;;;Y;;2;;TN;;;;;;;;;;;;;;;;;;
21350;2.1.2 - 5;0201020500;;;;;;;5;Conseil SVCC;;;O;O;;O;;;O;;;Y;;2;;SVCC;;;;;;;;;;;;;;;;;;
21360;2.1.2 - 6;0201020600;;;;;;;6;Conseil Lieu-phare La Cathédrale;;;O;O;;O;;;O;;;;?;2;;CPHARES;;;;;;;;;;;;;;;;;;
21370;2.1.2 - 7;0201020700;;;;;;;7;Conseil Lieu-phare L'Esprit Sainf;;;O;O;;O;;;O;;;;?;2;;"""";;;;;;;;;;;;;;;;;;
21380;2.1.2 - 8;0201020800;;;;;;;8;Conseil Lieu-phare St-Laurent Eglise;;;O;O;;O;;;O;;;;?;2;;"""";;;;;;;;;;;;;;;;;;
21400;2.1.3;0201030000;;;;;3;Commissions;;;;;;;;;;;;;;;;;;;;;;;;;;;;;;;;;;;;
21410;2.1.3 - 1;0201030100;;;;;;;1;Commission de consécration;;;O;O;;O;;;O;;;Y;;3;;CRA;;;;;;;;;;;;;;;;;;
21420;2.1.3 - 2;0201030200;;;;;;;2;Bureau d'agrégation de la CommCons.;;;O;O;;O;;;O;;;Y;;3;;BACRA;;;;;;;;;;;;;;;;;;
21430;2.1.3 - 3;0201030300;;;;;;;3;Commission des finances du Synode;;;O;O;;O;;;O;;;Y;;3;;FIN;;;;;;;;;;;;;;;;;;
21440;2.1.3 - 4;0201030400;;;;;;;4;Commission de gestion;;;O;O;;O;;;O;;;Y;;3;;GES;;;;;;;;;;;;;;;;;;
21450;2.1.3 - 5;0201030500;;;;;;;5;Commission de discipline;;;O;O;;O;;;O;;;Y;;3;;DISCIP;;;;;;;;;;;;;;;;;;
21460;2.1.3 - 6;0201030600;;;;;;;6;Commission de recours discipline;;;O;O;;O;;;O;;;Y;;3;;DISCIPREC;;;;;;;;;;;;;;;;;;
21470;2.1.3 - 7;0201030700;;;;;;;7;Commission de recours procédure;;;O;O;;O;;;O;;;Y;;3;;PROCE;;;;;;;;;;;;;;;;;;
21480;2.1.3 - 8;0201030800;;;;;;;8;Commission de médiation;;;O;O;;O;;;O;;;Y;;3;;CMED;;;;;;;;;;;;;;;;;;
21490;2.1.3 - 9;0201030900;;;;;;;9;Comm. de Formation aux Ministères;;;O;O;;O;;;O;;;Y;;3;;CFM;;;;;;;;;;;;;;;;;;
21600;2.1.4;0201040000;;;;;4;Cellules;;;;;;;;;;;;;;;;;;;;;;;;;;;;;;;;;;;;
21610;2.1.4 - 1;0201040100;;;;;;;1;Cellule de crise;;;O;O;;O;;;O;;;;;4;;;;;;;;;;;;;;;;;;;;
21620;2.1.4 - 2;0201040200;;;;;;;2;Archives;;;O;O;;O;;;O;;;;;4;;;;;;;;;;;;;;;;;;;;
21630;2.1.4 - 3;0201040300;;;;;;;3;Finances, recherche de fonds;;;O;O;;O;;;O;;;;;4;;;;;;;;;;;;;;;;;;;;
22000;2.2;0202000000;;;2;Offices;;;;;;;;;;;;;;;;;;;;;;;;;;;;;;;;;;;;;;
22100;2.2.1;0202010000;;;;;1;OCF;;;;;;;;;;;;;;;;;;;;;;;;;;;;;;;;;;;;
22110;2.2.1 - 1;0202010100;;;;;;;1;Staff OCF;;;O;O;;O;;;O;;;;;7;;COCF;;;;;;;;;;;;;;;;;;
22120;2.2.1 - 2;0202010200;;;;;;;2;Commission consultative OCF;;;O;O;;;;;;;;;;;;;;;;;;;;;;;;;;;;;;
22130;2.2.1 - 3;0202010300;;;;;;;3;Soutien Synode;;;O;O;;;;;;;;;;;;;;;;;;;;;;;;;;;;;;
22140;2.2.1 - 4;0202010400;;;;;;;4;Fonds OCF;;;;;;;;;;;;;;;;;;;;;;;;;;;;;;;;;;
22150;2.2.1 - 4.1;0202010401;;;;;;;;;1;Fonds libres n1, n2, n3;O;O;;O;;;O;;;;;3;;;;;;;;;;;;;;;;;;;;
22160;2.2.1 - 5;0202010500;;;;;;;5;Activités OCF libres n1, n2, n3;;;;;;;;;;;;;;;;;;;;;;;;;;;;;;;;;;
22200;2.2.2;0202020000;;;;;2;OIC;;;;;;;;;;;;;;;;;;;;;;;;;;;;;;;;;;;;
22210;2.2.2 - 1;0202020100;;;;;;;1;Staff OIC;;;O;O;;O;;;O;;;;;7;;;;;;;;;;;;;;;;;;;;
22220;2.2.2 - 2;0202020200;;;;;;;2;Commission consultative OIC;;;;;;;;;;;;;;;;COIC;;;;;;;;;;;;;;;;;;
22230;2.2.2 - 3;0202020300;;;;;;;3;Fonds OIC;;;O;O;;O;;;O;;;Y;;;;;;;;;;;;;;;;;;;;;;
22240;2.2.2 - 3.1;0202020301;;;;;;;;;1;Fonds libres n1, n2, n3;O;O;;;;;;;;;;3;;;;;;;;;;;;;;;;;;;;
22250;2.2.2 - 4;0202020400;;;;;;;4;Rapport annuel;;;O;O;;;;;;;;;;4;;;;;;;;;;;;;;;;;;;;
22260;2.2.2 - 5;0202020500;;;;;;;5;EERV.Flash;;;O;O;;O;;;O;;;;;4;;FLASH;;;;;;;;;;;;;;;;;;
22270;2.2.2 - 6;0202020600;;;;;;;6;Activités OIC libres n1, n2, n3;;;O;O;;O;;;O;;;;;;;;;;;;;;;;;;;;;;;;;
22300;2.2.3;0202030000;;;;;3;ORH;;;;;;;;;;;;;;;;;;;;;;;;;;;;;;;;;;;;
22310;2.2.3 - 1;0202030100;;;;;;;1;Staff ORH;;;O;O;;O;;;O;;;Y;;7;;;;;;;;;;;;;;;;;;;;
22320;2.2.3 - 2;0202030200;;;;;;;2;Commission consultative ORH;;;;;;;;;;;;;;;;;;;;;;;;;;;;;;;;;;
22330;2.2.3 - 3;0202030300;;;;;;;3;Fonds ORH;;;O;O;;O;;;;;;;;;;FSEERV;;;;;;;;;;;;;;;;;;
22340;2.2.3 - 3.1;0202030301;;;;;;;;;1;Fonds libres n1, n2, n3;O;O;;;;;O;;;;;3;;;;;;;;;;;;;;;;;;;;
22350;2.2.3 - 4;0202030400;;;;;;;4;Maîtres de stage;;;;;;;;;;;;;;;;MSTA;;;;;;;;;;;;;;;;;;
22360;2.2.3 - 5;0202030500;;;;;;;5;Remplacements dominicaux;;;O;O;;O;;;O;;;;;;;RDO;;;;;;;;;;;;;;;;;;
22370;2.2.3 - 6;0202030600;;;;;;;6;Veufs/veuves de ministres;;;;;;;;;;;;;;;;VEU;;;;;;;;;;;;;;;;;;
22380;2.2.3 - 7;0202030700;;;;;;;7;Actvités ORH libres n1, n2, n3;;;O;O;;;;;;;;;;;;;;;;;;;;;;;;;;;;;;
22400;2.2.4;0202040000;;;;;4;OES;;;;;O;O;;;;;;;;;;;;;;;;;;;;;;;;;;;;;;
22410;2.2.4 - 1;0202040100;;;;;;;1;Staff OES;;;O;O;;;;;;;;;;7;;;;;;;;;;;;;;;;;;;;
22420;2.2.4 - 2;0202040200;;;;;;;2;Commission consultative OES;;;;;;;;;;;;;;;;COES;;;;;;;;;;;;;;;;;;
22430;2.2.4 - 3;0202040300;;;;;;;3;Fonds OES;;;O;O;;O;;;O;;;;;;;;;;;;;;;;;;;;;;;;;
22440;2.2.4 - 3.1;0202040301;;;;;;;;;;Fonds libres n1, n2, n3;;;;;;;;;;;;3;;;;;;;;;;;;;;;;;;;;
22450;2.2.4 - 4;0202040400;;;;;;;4;Actvités OES libres n1, n2, n3;;;O;O;;O;;;O;;;Y;;;;;;;;;;;;;;;;;;;;;;
22500;2.2.5;0202050000;;;;;5;Lieu-phare St-Laurent Eglise;;;;;;;;;;;;;;;;;;;;;;;;;;;;;;;;;;;;
22510;2.2.5 - 1;0202050100;;;;;;;1;Staff;;;O;O;;O;;;O;;;;;9;;;;;;;;;;;;;;;;;;;;
22520;2.2.5 - 2;0202050200;;;;;;;2;Groupes libres n1, n2, n3;;;O;O;;;;;;;;;;;;;;;;;;;;;;;;;;;;;;
22600;2.2.6;0202060000;;;;;6;Lieu-phare La Cathédrale;;;;;;;;;;;;;;;;;;;;;;;;;;;;;;;;;;;;
22610;2.2.6 - 1;0202060100;;;;;;;1;Staff;;;O;O;;O;;;O;;;;;9;;;;;;;;;;;;;;;;;;;;
22620;2.2.6 - 2;0202060200;;;;;;;2;Groupes libres n1, n2, n3;;;O;O;;;;;;;;;;;;;;;;;;;;;;;;;;;;;;
22700;2.2.7;0202070000;;;;;7;Lieu-phare L'Esprit Sainf;;;;;;;;;;;;;;;;;;;;;;;;;;;;;;;;;;;;
22710;2.2.7 - 1;0202070100;;;;;;;1;Staff;;;O;O;;O;;;O;;;;;9;;;;;;;;;;;;;;;;;;;;
22720;2.2.7 - 2;0202070200;;;;;;;2;Groupes libres n1, n2, n3;;;O;O;;;;;;;;;;;;;;;;;;;;;;;;;;;;;;
23000;2.3;0203000000;;;3;Services;;;;;;;;;;;;;;;;;;;;;;;;;;;;;;;;;;;;;;
23100;2.3.1;0203010000;;;;;1;SFA;;;;;;;;;;;;;;;;;;;;;;;;;;;;;;;;;;;;
23110;2.3.1 - 1;0203010100;;;;;;;1;Staff SFA;;;O;O;;O;;;O;;;Y;;8;;;;;;;;;;;;;;;;;;;;
23120;2.3.1 - 2;0203010200;;;;;;;2;Groupes libres n1, n2, n3;;;O;O;;;;;;;;;;;;;;;;;;;;;;;;;;;;;;
23200;2.3.2;0203020000;;;;;2;SSAS;;;;;;;;;;;;;;;;;;;;;;;;;;;;;;;;;;;;
23210;2.3.2 - 1;0203020100;;;;;;;1;Staff SSAS;;;O;O;;O;;;O;;;Y;;8;;;;;;;;;;;;;;;;;;;;
23220;2.3.2 - 2;0203020200;;;;;;;2;Groupes libres n1, n2, n3;;;O;O;;;;;;;;;;;;;;;;;;;;;;;;;;;;;;
23300;2.3.3;0203030000;;;;;3;STN;;;;;;;;;;;;;;;;;;;;;;;;;;;;;;;;;;;;
23310;2.3.3 - 1;0203030100;;;;;;;1;Staff STN;;;O;O;;O;;;O;;;Y;;8;;;;;;;;;;;;;;;;;;;;
23320;2.3.3 - 2;0203030200;;;;;;;2;Groupes libres n1, n2, n3;;;O;O;;;;;;;;;;;;;;;;;;;;;;;;;;;;;;
23400;2.3.4;0203040000;;;;;4;SVCC;;;;;;;;;;;;;;;;;;;;;;;;;;;;;;;;;;;;
23410;2.3.4 - 1;0203040100;;;;;;;1;Staff SVCC;;;O;O;;O;;;O;;;Y;;8;;;;;;;;;;;;;;;;;;;;
23420;2.3.4 - 2;0203040200;;;;;;;2;Groupes libres n1, n2, n3;;;O;O;;;;;;;;;;;;;;;;;;;;;;;;;;;;;;
24000;2.4;0204000000;;;4;Transversal;;;;;;;;;;;;;;;;;;;;;;;;;;;;;;;;;;;;;;
24100;2.4.1;0204010000;;;;;1;Projets spéciaux;;;;;;;;;;;;;;;;;;;;;;;;;;;;;;;;;;;;
24110;2.4.1 - 1;0204010100;;;;;;;1;Projets 1;;;;;;;;;;;;;;;;;;;;;;;;;;;;;;;;;;
24120;2.4.1 - 1.1;0204010101;;;;;;;;;1;Groupe pilotage 1;O;O;;;;;;;;;;4;;;;;;;;;;;;;;;;;;;;
24130;2.4.1 - 1.2;0204010102;;;;;;;;;2;Groupe de projets 1;O;O;;;;;;;;;;4;;;;;;;;;;;;;;;;;;;;
24140;2.4.1 - 2;0204010200;;;;;;;2;Projet 2;;;;;;;;;;;;;;;;;;;;;;;;;;;;;;;;;;
24150;2.4.1 - 2.1;0204010201;;;;;;;;;1;Groupe pilotage 2;O;O;;;;;;;;;;4;;;;;;;;;;;;;;;;;;;;
24160;2.4.1 - 2.2;0204010202;;;;;;;;;2;Groupe de projets 2;O;O;;;;;;;;;;4;;;;;;;;;;;;;;;;;;;;
24200;2.4.2;0204020000;;;;;2;Mandats;;;;;;;;;;;;;;;;;;;;;;;;;;;;;;;;;;;;
24210;2.4.2 - 1;0204020100;;;;;;;1;Mandat 1, 2, 3;;;;;;;;;;;;;;;;;;;;;;;;;;;;;;;;;;
24220;2.4.2 - 1.1;0204020101;;;;;;;;;1;Groupe pilotage 1, 2, 3;O;O;;;;;;;;;;4;;;;;;;;;;;;;;;;;;;;
24230;2.4.2 - 1.2;0204020102;;;;;;;;;2;Mandataires 1, 2, 3;O;O;;;;;;;;;;4;;;;;;;;;;;;;;;;;;;;
25000;2.5;0205000000;;;5;Envois en nombre;;;;;;;;;;;;;;;;;;;;;;;;;;;;;;;;;;;;;;
25100;2.5.1;0205010000;;;;;1;OCF;;;;;;;;;;;;;;;;;;;;;;;;;;;;;;;;;;;;
25110;2.5.1 - 1;0205010100;;;;;;;1;eerv.flash;;;O;O;;;;;;;;;;;;;;;;;;;;;;;;;;;;;;
25120;2.5.1 - 2;0205010200;;;;;;;2;Rapport annuel;;;O;O;;;;;;;;;;;;;;;;;;;;;;;;;;;;;;
25130;2.5.1 - 3;0205010300;;;;;;;3;Vœux de Noël;;;O;O;;;;;;;;;;;;;;;;;;;;;;;;;;;;;;
25140;2.5.1 - 4;0205010400;;;;;;;4;Convocations Synode;;;O;O;;;;;;;;;;;;;;;;;;;;;;;;;;;;;;
25150;2.5.1 - 5;0205010500;;;;;;;5;Envois libres n1, n2, n3;;;O;O;;;;;;;;;;;;;;;;;;;;;;;;;;;;;;
25200;2.5.2;0205020000;;;;;2;OIC;;;;;;;;;;;;;;;;;;;;;;;;;;;;;;;;;;;;
25210;2.5.2 - 1;0205020100;;;;;;;1;Envois libres n1, n2, n3;;;O;O;;;;;;;;;;;;;;;;;;;;;;;;;;;;;;
25300;2.5.3;0205030000;;;;;3;ORH;;;;;;;;;;;;;;;;;;;;;;;;;;;;;;;;;;;;
25310;2.5.3 - 1;0205030100;;;;;;;1;Envois libres n1, n2, n3;;;O;O;;;;;;;;;;;;;;;;;;;;;;;;;;;;;;
25400;2.5.4;0205040000;;;;;4;OES;;;;;;;;;;;;;;;;;;;;;;;;;;;;;;;;;;;;
25410;2.5.4 - 1;0205040100;;;;;;;1;Envois libres n1, n2, n3;;;O;O;;;;;;;;;;;;;;;;;;;;;;;;;;;;;;
25500;2.5.5;0205050000;;;;;5;Lieu-phare St-Laurent Eglise;;;;;;;;;;;;;;;;;;;;;;;;;;;;;;;;;;;;
25510;2.5.5 - 1;0205050100;;;;;;;1;Envois libres n1, n2, n3;;;O;O;;;;;;;;;;;;;;;;;;;;;;;;;;;;;;
25600;2.5.6;0205060000;;;;;6;Lieu-phare La Cathédrale;;;;;;;;;;;;;;;;;;;;;;;;;;;;;;;;;;;;
25610;2.5.6 - 1;0205060100;;;;;;;1;Envois libres n1, n2, n3;;;O;O;;;;;;;;;;;;;;;;;;;;;;;;;;;;;;
25700;2.5.7;0205070000;;;;;7;Lieu-phare L'Esprit Sainf;;;;;;;;;;;;;;;;;;;;;;;;;;;;;;;;;;;;
25710;2.5.7 - 1;0205070100;;;;;;;1;Envois libres n1, n2, n3;;;O;O;;;;;;;;;;;;;;;;;;;;;;;;;;;;;;
25800;2.5.8;0205080000;;;;;8;SFA;;;;;;;;;;;;;;;;;;;;;;;;;;;;;;;;;;;;
25810;2.5.8 - 1;0205080100;;;;;;;1;Lettre Nouvelle CVDF;;;O;O;;;;;;;;;;;;REFU CVDF;;;;;;;;;;;;;;;;;;
25820;2.5.8 - 2;0205080200;;;;;;;2;Envois libres n1, n2, n3;;;O;O;;;;;;;;;;;;;;;;;;;;;;;;;;;;;;
25900;2.5.9;0205090000;;;;;9;SSAS;;;;;;;;;;;;;;;;;;;;;;;;;;;;;;;;;;;;
25910;2.5.9 - 1;0205090100;;;;;;;1;Envois libres n1, n2, n3;;;O;O;;;;;;;;;;;;;;;;;;;;;;;;;;;;;;
26000;2.5.10;0205100000;;;;;10;STN;;;;;;;;;;;;;;;;;;;;;;;;;;;;;;;;;;;;
26010;2.5.10 - 1;0205100100;;;;;;;1;Circulaire périodique;;;O;O;;;;;;;;;;;;;;;;;;;;;;;;;;;;;;
26020;2.5.10 - 2;0205100200;;;;;;;2;Envois libres n1, n2, n3;;;O;O;;;;;;;;;;;;;;;;;;;;;;;;;;;;;;
26100;2.5.11;0205110000;;;;;11;SVCC;;;;;;;;;;;;;;;;;;;;;;;;;;;;;;;;;;;;
26110;2.5.11 - 1;0205110100;;;;;;;1;Envois libres n1, n2, n3;;;O;O;;;;;;;;;;;;;;;;;;;;;;;;;;;;;;
26200;2.5.12;0205120000;;;;;12;Catégories libres n1, n2, n3;;;;;;;;;;;;;;;;;;;;;;;;;;;;;;;;;;;;
26210;2.5.12 - 1;0205120100;;;;;;;1;Envois libres n1, n2, n3;;;O;O;;;;;;;;;;;;;;;;;;;;;;;;;;;;;;
30000;3;0300000000;3;Régions;;;;;;;;;;;;;;;;;;;;;;;;;;;;;;;;;;;;;;;;
30100;3.1;0301000000;;;1;Autorités Organes;;;;;;;;;;;;;;;;;;;;;;;;;;;;;;;;;;;;;;
30200;3.1.1;0301010000;;;;;1;Assemblée;;;;;;;;;;;;;;;;;;;;;;;;;;;;;;;;;;;;
30210;3.1.1 - 1;0301010100;;;;;;;1;Assemblée régionale;;;O;;;O;O;;;;;Y;;1;;PAR/MAR;;;;;;;;;;;;;;;;;;
30220;3.1.1 - 1.1;0301010101;;;;;;;;;1;Délégation Paroisse n1;O;;;O;;;O;O;;;;;;;;;;;;;;;;;;;;;;;;
30230;3.1.1 - 1.2;0301010102;;;;;;;;;2;Délégation paroisse n2;O;;;O;;;O;O;;;;;;;;;;;;;;;;;;;;;;;;
30240;3.1.1 - 1.3;0301010103;;;;;;;;;3;Délégation paroisse n3…nn;O;;;O;;;O;O;;;;;;;;;;;;;;;;;;;;;;;;
30300;3.1.2;0301020000;;;;;2;Conseils;;;;;;;;;;;;;;;;;;;;;;;;;;;;;;;;;;;;
30310;3.1.2 - 1;0301020100;;;;;;;1;Conseil régional;;;O;;;O;O;;O;;;;;2;;PCR/MCR;;;;;;;;;;;;;;;;;;
30320;3.1.2 - 2;0301020200;;;;;;;2;Conseil SCFA;;;O;;;O;O;;O;;;;;2;;FOR;;;;;;;;;;;;;;;;;;
30330;3.1.2 - 3;0301020300;;;;;;;3;Conseil SCPS;;;O;;;O;O;;O;;;;;2;;PRES;;;;;;;;;;;;;;;;;;
30400;3.1.3;0301030000;;;;;3;Commissions;;;;;;;;;;;;;;;;;;;;;;;;;;;;;;;;;;;;
30410;3.1.3 - 1;0301030100;;;;;;;1;Commission de gestion et des finances;;;O;;;O;O;;O;;;;;3;;;;;;;;;;;;;;;;;;;;
30500;3.1.4;0301040000;;;;;4;Cellules;;;;;;;;;;;;;;;;;;;;;;;;;;;;;;;;;;;;
30510;3.1.4 - 1;0301040100;;;;;;;1;Archives;;;O;;;O;O;;O;;;;;4;;;;;;;;;;;;;;;;;;;;
30520;3.1.4 - 2;0301040200;;;;;;;2;Recherche de fonds;;;O;;;O;O;;O;;;;;4;;;;;;;;;;;;;;;;;;;;
31000;3.2;0302000000;;;2;Coordination - Information;;;;;;;;;;;;;;;;;;;;;;;;;;;;;;;;;;;;;;
31100;3.2.1;0302010000;;;;;1;Staff;;;;;;;;;;;;;;;;;;;;;;;;;;;;;;;;;;;;
31110;3.2.1 - 1;0302010100;;;;;;;1;Coordinateur régional;;;O;;;O;O;;O;;;;;;;;;;;;;;;;;;;;;;;;;
31120;3.2.1 - 2;0302010200;;;;;;;2;Répondant InfoComm;;;O;;;O;O;;O;;;;;;;;;;;;;;;;;;;;;;;;;
31130;3.2.1 - 3;0302010300;;;;;;;3;Caissier;;;;;;;;;;;;;;;;;;;;;;;;;;;;;;;;;;
31140;3.2.1 - 4;0302010400;;;;;;;4;Secrétariat;;;O;;;O;O;;O;;;;;;;;;;;;;;;;;;;;;;;;;
31200;3.2.2;0302020000;;;;;2;Activités;;;;;;;;;;;;;;;;;;;;;;;;;;;;;;;;;;;;
31210;3.2.2 - 1;0302020100;;;;;;;1;Groupes libres n1, n2, n3;;;;;;;;;;;;;;;;;;;;;;;;;;;;;;;;;;
32000;3.3;0303000000;;;3;Formation et Accompagnment;;;;;;;;;;;;;;;;;;;;;;;;;;;;;;;;;;;;;;
32100;3.3.1;0303010000;;;;;1;Staff;;;;;;;;;;;;;;;;;;;;;;;;;;;;;;;;;;;;
32110;3.3.1 - 1;0303010100;;;;;;;1;Répondant Régional Enfance;;;;;;;;;;;;;;;;;;;;;;;;;;;;;;;;;;
32120;3.3.1 - 2;0303010200;;;;;;;2;Répondant Régional Jeunesse;;;O;;;O;O;;O;;;;;;;;;;;;;;;;;;;;;;;;;
32130;3.3.1 - 3;0303010300;;;;;;;3;Répondant Régional Adultes;;;O;;;O;O;;O;;;;;;;;;;;;;;;;;;;;;;;;;
32140;3.3.1 - 4;0303010400;;;;;;;4;Secrétariat;;;O;;;O;O;;O;;;;;;;;;;;;;;;;;;;;;;;;;
32200;3.3.2;0303020000;;;;;2;Animateurs du KT;;;;;O;;;O;O;;O;;;;;;;;;;;;;;;;;;;;;;;;;
32210;3.3.2 - 1;0303020100;;;;;;;1;KT 5-6 Ministres;;;O;;;O;O;;O;;;;;;;;;;;;;;;;;;;;;;;;;
32220;3.3.2 - 2;0303020200;;;;;;;2;KT 5-6 Catéchètes/Jacks;;;O;;;O;O;;O;;;;;;;;;;;;;;;;;;;;;;;;;
32230;3.3.2 - 3;0303020300;;;;;;;3;KT 8-9 Ministres;;;O;;;O;O;;O;;;;;;;;;;;;;;;;;;;;;;;;;
32240;3.3.2 - 4;0303020400;;;;;;;4;KT 8-9 Catéchètes/Jacks;;;O;;;O;O;;O;;;;;;;;;;;;;;;;;;;;;;;;;
32250;3.3.2 - 5;0303020500;;;;;;;5;Ministres Rameaux;;;O;;;O;O;;O;;;;;;;;;;;;;;;;;;;;;;;;;
32260;3.3.2 - 6;0303020600;;;;;;;6;Coofficiants Rameaux;;;O;;;O;O;;O;;;;;;;;;;;;;;;;;;;;;;;;;
32300;3.3.3;0303030000;;;;;3;Volées Catéchumènes;;;;;;;;O;O;;O;?;;;;;;;;;;;;;;;;;;;;;;;;
32310;3.3.3 - 1;0303030100;;;;;;;1;Catéchumènes 2007-09-11;;;;;;O;O;;O;O;;;;;;;;;;;;;;;;;;;;;;;;
32320;3.3.3 - 2;0303030200;;;;;;;2;Catéchumènes 2008-10-13;;;;;;O;O;;O;?;;;;;;;;;;;;;;;;;;;;;;;;
32330;3.3.3 - 3;0303030300;;;;;;;3;Catéchumènes 2009-11-14;;;;;;O;O;;O;?;;;;;;;;;;;;;;;;;;;;;;;;
32340;3.3.3 - 4;0303030400;;;;;;;4;Catéchumènes 2010-12-15;;;;;;O;O;;O;?;;;;;;;;;;;;;;;;;;;;;;;;
32350;3.3.3 - 5;0303030500;;;;;;;5;Catéchumènes 2011-14-16;;;;;;O;O;;O;?;;;;;;;;;;;;;;;;;;;;;;;;
32360;3.3.3 - 6;0303030600;;;;;;;6;Catéchumènes 2012-15-17;;;O;;;O;O;;O;;;;;;;;;;;;;;;;;;;;;;;;;
32370;3.3.3 - 7;0303030700;;;;;;;7;Catéchumènes 2013-16-18;;;O;;;O;O;;O;;;;;;;;;;;;;;;;;;;;;;;;;
32380;3.3.3 - 8;0303030800;;;;;;;8;Catéchumènes 2014-17-19;;;O;;;O;O;;O;;;;;;;;;;;;;;;;;;;;;;;;;
32400;3.3.4;0303040000;;;;;4;Activités KT;;;;;;;;;;;;;;;;;;;;;;;;;;;;;;;;;;;;
32410;3.3.4 - 1;0303040100;;;;;;;1;Groupes libres n1, n2, n3;;;;;;O;O;;O;;;;;;;;;;;;;;;;;;;;;;;;;
32500;3.3.5;0303050000;;;;;5;Jeunesse;;;;;;;;;;;;;;;;;;;;;;;;;;;;;;;;;;;;
32510;3.3.5 - 1;0303050100;;;;;;;1;Ministres jeunesse;;;O;;;O;O;;O;;;;;;;;;;;;;;;;;;;;;;;;;
32520;3.3.5 - 2;0303050200;;;;;;;2;Jacks A formés;;;O;;;O;O;;O;;;;;;;;;;;;;;;;;;;;;;;;;
32530;3.3.5 - 3;0303050300;;;;;;;3;Jacks B formés;;;;;;O;O;;O;?;;;;;;;;;;;;;;;;;;;;;;;;
32540;3.3.5 - 4;0303050400;;;;;;;4;Jacks C formés;;;;;;;;;;;;;;;;;;;;;;;;;;;;;;;;;;
32550;3.3.5 - 5;0303050500;;;;;;;5;Jacks J&S;;;;;;O;O;;O;?;;;;;;;;;;;;;;;;;;;;;;;;
32560;3.3.5 - 6;0303050600;;;;;;;6;Groupe de jeunes;;;;;;;;;;;;;;;;;;;;;;;;;;;;;;;;;;
32570;3.3.5 - 7;0303050700;;;;;;;7;Groupes libres n1, n2, n3;;;;;;O;O;;O;;;;;;;;;;;;;;;;;;;;;;;;;
32600;3.3.6;0303060000;;;;;6;Activités Jeunesse;;;;;;;;;;;;;;;;;;;;;;;;;;;;;;;;;;;;
32610;3.3.6 - 1;0303060100;;;;;;;1;Groupes libres n1, n2, n3;;;;;;;;;;;;;;;;;;;;;;;;;;;;;;;;;;
32700;3.3.7;0303070000;;;;;7;Animateurs Formation d'adultes;;;;;O;;;O;O;;O;;;;;;;;;;;;;;;;;;;;;;;;;
32710;3.3.7 - 1;0303070100;;;;;;;1;Formateurs d'adultes;;;O;;;O;O;;O;;;;;;;;;;;;;;;;;;;;;;;;;
32720;3.3.7 - 2;0303070200;;;;;;;2;Coanimateurs Formation d'adultes;;;;;;O;O;;O;;;;;;;;;;;;;;;;;;;;;;;;;
32800;3.3.8;0303080000;;;;;8;Activités Formation d'adultes;;;;;;;;;;;;;;;;;;;;;;;;;;;;;;;;;;;;
32810;3.3.8 - 1;0303080100;;;;;;;1;Groupes libres n1, n2, n3;;;;;;O;O;;O;;;;;;;;;;;;;;;;;;;;;;;;;
33000;3.4;0304000000;;;4;Présence & Solidarités;;;;;;;;;;;;;;;;;;;;;;;;;;;;;;;;;;;;;;
33100;3.4.1;0304010000;;;;;1;Staff;;;;;;;;;;;;;;;;;;;;;;;;;;;;;;;;;;;;
33110;3.4.1 - 1;0304010100;;;;;;;1;Répondant Régional Solidarité;;;O;;;O;O;;O;;;;;;;;;;;;;;;;;;;;;;;;;
33120;3.4.1 - 2;0304010200;;;;;;;2;Répondant Régional TN;;;O;;;O;O;;O;;;;;;;;;;;;;;;;;;;;;;;;;
33130;3.4.1 - 3;0304010300;;;;;;;3;Secrétariat;;;;;;O;O;;O;;;;;;;;;;;;;;;;;;;;;;;;;
33140;3.4.1 - 4;0304010400;;;;;;;4;Bénévoles TN régionaux;;;;;;O;O;;;;;;;;;;;;;;;;;;;;;;;;;;;
33200;3.4.2;0304020000;;;;;2;Activités P&S;;;;;;;;;;;;;;;;;;;;;;;;;;;;;;;;;;;;
33210;3.4.2 - 1;0304020100;;;;;;;1;Groupes libres n1, n2, n3;;;;;;;;;;;;;;;;;;;;;;;;;;;;;;;;;;
34000;3.5;0305000000;;;5;Autres activités régionales;;;;;;;;;;;;;;;;;;;;;;;;;;;;;;;;;;;;;;
34100;3.5.1;0305010000;;;;;1;Projets régionaux;;;;;;;;;;;;;;;;;;;;;;;;;;;;;;;;;;;;
34110;3.5.1 - 1;0305010100;;;;;;;1;Groupes libres n1, n2, n3;;;;;;O;O;;;;;;;;;;;;;;;;;;;;;;;;;;;
35000;3.6;0306000000;;;6;Envois en nombre;;;;;;;;;;;;;;;;;;;;;;;;;;;;;;;;;;;;;;
35100;3.6.1;0306010000;;;;;1;Région;;;;;;;;;;;;;;;;;;;;;;;;;;;;;;;;;;;;
35510;3.6.1 - 1;0306010100;;;;;;;1;Envois libres n1, n2, n3;;;;;;O;O;;;;;;;;;;;;;;;;;;;;;;;;;;;
36000;3.7;0307000000;;;7;VIP;;;;;;;;;;;;;;;;;;;;;;;;;;;;;;;;;;;;;;
36100;3.7.1;0307010000;;;;;1;Invitations;;;;;;;;;;;;;;;;;;;;;;;;;;;;;;;;;;;;
36110;3.7.1 - 1;0307010100;;;;;;;1;VIP libres n1, n2, n3;;;;;;O;O;;;;;;;;;;;;;;;;;;;;;;;;;;;
40000;4;0400000000;4;Paroisses;;;;;;;;;;;;;;;;;;;;;;;;;;;;;;;;;;;;;;;;
40100;4.1;0401000000;;;1;Autorités, organes;;;;;;;;;;;;;;;;;;;;;;;;;;;;;;;;;;;;;;
40200;4.1.1;0401010000;;;;;1;Assemblée;;;;;;;;;;;;;;;;;;;;;;;;;;;;;;;;;;;;
40210;4.1.1 - 1;0401010100;;;;;;;1;Bureau Assemblée paroissiale;;;O;;;O;;;O;O;;;;1;;PAP;;;;;;;;;;;;;;;;;;
40300;4.1.2;0401020000;;;;;2;Conseil;;;;;;;;;;;;;;;;;;;;;;;;;;;;;;;;;;;;
40310;4.1.2 - 1;0401020100;;;;;;;1;Conseil paroissial;;;O;;;O;;;O;O;;;;2;;PCP & CPAR;;;;;;;;;;;;;;;;;;
40400;4.1.3;0401030000;;;;;3;Commissions;;;;;;;;;;;;;;;;;;;;;;;;;;;;;;;;;;;;
40410;4.1.3 - 1;0401030100;;;;;;;1;Commission gestion et finances;;;O;;;O;;;O;O;;;;3;;;;;;;;;;;;;;;;;;;;
40500;4.1.4;0401040000;;;;;4;Cellules;;;;;;;;;;;;;;;;;;;;;;;;;;;;;;;;;;;;
40510;4.1.4 - 1;0401040100;;;;;;;1;Archives;;;O;;;O;;;O;O;;;;4;;;;;;;;;;;;;;;;;;;;
40520;4.1.4 - 2;0401040200;;;;;;;2;Recherche de fonds;;;;;;;;;;;;;;4;;;;;;;;;;;;;;;;;;;;
41000;4.2;0402000000;;;2;Personnel, employés;;;;;;;;;;;;;;;;;;;;;;;;;;;;;;;;;;;;;;
41100;4.2.1;0402010000;;;;;1;Administratif;;;;;;;;;;;;;;;;;;;;;;;;;;;;;;;;;;;;
41110;4.2.1 - 1;0402010100;;;;;;;1;Caissier;;;;;;;;;;;;;;;;CAI;;;;;;;;;;;;;;;;;;
41120;4.2.1 - 2;0402010200;;;;;;;2;Secrétaire ;;;O;;;O;;;;;;;;;;;;;;;;;;;;;;;;;;;;
41200;4.2.2;0402020000;;;;;2;Ministères laïcs;;;;;;;;;;;;;;;;;;;;;;;;;;;;;;;;;;;;
41210;4.2.2 - 1;0402020100;;;;;;;1;Chantre;;;O;;;O;;;O;O;;;;;;;;;;;;;;;;;;;;;;;;
41220;4.2.2 - 2;0402020200;;;;;;;2;Animateur de jeunesse;;;O;;;O;;;O;O;;;;;;;;;;;;;;;;;;;;;;;;
41230;4.2.2 - 3;0402020300;;;;;;;3;Catégories libres n1, n2, n3;;;O;;;O;;;O;O;;;;;;;;;;;;;;;;;;;;;;;;
42000;4.3;0403000000;;;3;Secteurs d'activités;;;;;;;;;;;;;;;;;;;;;;;;;;;;;;;;;;;;;;
42100;4.3.1;0403010000;;;;;1;Staff;;;;;;;;;;;;;;;;;;;;;;;;;;;;;;;;;;;;
42110;4.3.1 - 1;0403010100;;;;;;;1;Ministres;;;O;;;O;;;O;O;;;;;;;;;;;;;;;;;;;;;;;;
42120;4.3.1 - 2;0403010200;;;;;;;2;Secrétaire paroissiale;;;O;;;O;;;O;O;;;;;;;;;;;;;;;;;;;;;;;;
42130;4.3.1 - 3;0403010300;;;;;;;3;Animateurs paroissiaux;;;;;;;;;;;;;;;;;;;;;;;;;;;;;;;;;;
42200;4.3.2;0403020000;;;;;2;Information-Communication;;;;;;;;;;;;;;;;;;;;;;;;;;;;;;;;;;;;
42210;4.3.2 - 1;0403020100;;;;;;;1;Relations publiques;;;O;;;O;;;O;O;;;;;;;;;;;;;;;;;;;;;;;;
42220;4.3.2 - 2;0403020200;;;;;;;2;Bonne Nouvelle;;;O;;;O;;;O;O;;;;;;;;;;;;;;;;;;;;;;;;
42230;4.3.2 - 3;0403020300;;;;;;;3;Site web;;;O;;;O;;;O;O;;;;;;;;;;;;;;;;;;;;;;;;
42240;4.3.2 - 4;0403020400;;;;;;;4;Affichage;;;;;;;;;O;O;;;;;;;;;;;;;;;;;;;;;;;;
42250;4.3.2 - 5;0403020500;;;;;;;5;Envois en nombre;;;;;;;;;O;O;;;;;;;;;;;;;;;;;;;;;;;;
42300;4.3.3;0403030000;;;;;3;Culte;;;;;;;;;;;;;;;;;;;;;;;;;;;;;;;;;;;;
42310;4.3.3 - 1;0403030100;;;;;;;1;Lecteurs;;;;;;O;;;O;O;;;;;;;;;;;;;;;;;;;;;;;;
42320;4.3.3 - 2;0403030200;;;;;;;2;Organistes;;;O;;;O;;;O;O;;;;;;;;;;;;;;;;;;;;;;;;
42330;4.3.3 - 3;0403030300;;;;;;;3;Groupe d'animation liturgique;;;;;;;;;O;O;;;;;;;;;;;;;;;;;;;;;;;;
42340;4.3.3 - 4;0403030400;;;;;;;4;Sacristains;;;;;;;;;O;O;;;;;;;;;;;;;;;;;;;;;;;;
42350;4.3.3 - 5;0403030500;;;;;;;5;Fleurs, décoration;;;;;;;;;O;O;;;;;;;;;;;;;;;;;;;;;;;;
42360;4.3.3 - 6;0403030600;;;;;;;6;Responsable tabelle;;;;;;;;;O;O;;;;;;;;;;;;;;;;;;;;;;;;
42400;4.3.4;0403040000;;;;;4;Eveil à la foi;;;;;;;;;;;;;;;;;;;;;;;;;;;;;;;;;;;;
42410;4.3.4 - 1;0403040100;;;;;;;1;Monitrices, bénévoles, Jacks;;;O;;;O;;;O;O;;;;;;;;;;;;;;;;;;;;;;;;
42420;4.3.4 - 2;0403040200;;;;;;;2;Enfants;;;;;;;;;;;;;;;;;;;;;;;;;;;;;;;;;;
42430;4.3.4 - 2.1;0403040201;;;;;;;;;1;Groupes libres n1, n2, n3;;;;;;;O;O;;;;;;;;;;;;;;;;;;;;;;;;
42500;4.3.5;0403050000;;;;;5;Culte de l'enfance;;;;;;;;;;;;;;;;;;;;;;;;;;;;;;;;;;;;
42510;4.3.5 - 1;0403050100;;;;;;;1;Monitrices, bénévoles, Jacks;;;O;;;O;;;O;O;;;;;;;;;;;;;;;;;;;;;;;;
42520;4.3.5 - 2;0403050200;;;;;;;2;Enfants;;;;;;;;;;;;;;;;;;;;;;;;;;;;;;;;;;
42530;4.3.5 - 2.1;0403050201;;;;;;;;;1;Groupes libres n1, n2, n3;;;;;;;O;O;;;;;;;;;;;;;;;;;;;;;;;;
42600;4.3.6;0403060000;;;;;6;Adultes;;;;;;;;;;;;;;;;;;;;;;;;;;;;;;;;;;;;
42610;4.3.6 - 1;0403060100;;;;;;;1;Groupes libres n1, n2, n3;;;;;;;;;O;O;;;;;;;;;;;;;;;;;;;;;;;;
42700;4.3.7;0403070000;;;;;7;Aînés;;;;;;;;;;;;;;;;;;;;;;;;;;;;;;;;;;;;
42710;4.3.7 - 1;0403070100;;;;;;;1;Responsables aînés;;;O;;;O;;;O;O;;;;;;;;;;;;;;;;;;;;;;;;
42720;4.3.7 - 2;0403070200;;;;;;;2;Groupes libres n1, n2, n3;;;;;;;;;O;O;;;;;;;;;;;;;;;;;;;;;;;;
42800;4.3.8;0403080000;;;;;8;Vie communautaire;;;;;;;;;;;;;;;;;;;;;;;;;;;;;;;;;;;;
42810;4.3.8 - 1;0403080100;;;;;;;1;Visiteurs;;;O;;;O;;;O;O;;;;;;;;;;;;;;;;;;;;;;;;
42820;4.3.8 - 2;0403080200;;;;;;;2;Ventes;;;;;;;;;O;O;;;;;;;;;;;;;;;;;;;;;;;;
42900;4.3.9;0403090000;;;;;9;Terre Nouvelle;;;;;;;;;;;;;;;;;;;;;;;;;;;;;;;;;;;;
42910;4.3.9 - 1;0403090100;;;;;;;1;Groupe TN;;;O;;;O;;;O;O;;;;;;;;;;;;;;;;;;;;;;;;
42920;4.3.9 - 2;0403090200;;;;;;;2;Commission de solidarité;;;;;;;;;O;O;;;;;;;;;;;;;;;;;;;;;;;;
43000;4.3.10;0403100000;;;;;10;Œcuménisme;;;;;;;;;;;;;;;;;;;;;;;;;;;;;;;;;;;;
43010;4.3.10 - 1;0403100100;;;;;;;1;Curé, prêtres;;;;;;O;;;O;O;;;;;;;;;;;;;;;;;;;;;;;;
43020;4.3.10 - 2;0403100200;;;;;;;2;Secrétariats paroisses catholiques;;;;;;O;;;O;O;;;;;;;;;;;;;;;;;;;;;;;;
43030;4.3.10 - 3;0403100300;;;;;;;3;Pasteurs évangéliques;;;;;;O;;;O;O;;;;;;;;;;;;;;;;;;;;;;;;
43040;4.3.10 - 4;0403100400;;;;;;;4;Communautés évangéliques;;;;;;O;;;O;O;;;;;;;;;;;;;;;;;;;;;;;;
43050;4.3.10 - 5;0403100500;;;;;;;5;Plateforme œcuménique;;;;;;O;;;O;O;;;;;;;;;;;;;;;;;;;;;;;;
43060;4.3.10 - 6;0403100600;;;;;;;6;Groupes libres n1, n2, n3;;;;;;O;;;O;O;;;;;;;;;;;;;;;;;;;;;;;;
;4.3.11;0403110000;;;;;11;Archives;;;;;;;;;;;;;;;;;;;;;;;;;;;;;;;;;;;;
;4.3.11 - 1;0403110100;;;;;;;1;Archives 1, Archives 2, Archives 3…;;;;;;;;;;;;;;;;;;;;;;;;;;;;;;;;;;
43070;4.3.12;0403120000;;;;;12;Catégories libres n2, n3;;;;;;;;;;;;;;;;;;;;;;;;;;;;;;;;;;;;
43080;4.3.12 - 1;0403120100;;;;;;;1;Groupes libres n1, n2, n3;;;;;;;;;O;O;;;;;;;;;;;;;;;;;;;;;;;;
44000;4.4;0404000000;;;4;Partenaires;;;;;;;;;;;;;;;;;;;;;;;;;;;;;;;;;;;;;;
44100;4.4.1;0404010000;;;;;1;Autorités Civiles;;;;;;;;;;;;;;;;;;;;;;;;;;;;;;;;;;;;
44110;4.4.1 - 1;0404010100;;;;;;;1;Municipalités;;;;;;;;;O;O;;;;16;;;;;;;;;;;;;;;;;;;;
44120;4.4.1 - 2;0404010200;;;;;;;2;Adminsitration communale;;;;;;;;;O;O;;;;11;;;;;;;;;;;;;;;;;;;;
44200;4.4.2;0404020000;;;;;2;Sociétés et fondations;;;;;;;;;;;;;;;;;;;;;;;;;;;;;;;;;;;;
44210;4.4.2 - 1;0404020100;;;;;;;1;Sociétés locales;;;;;;O;;;O;O;;;;6;;;;;;;;;;;;;;;;;;;;
44220;4.4.2 - 2;0404020200;;;;;;;2;Fondations partenaires;;;O;;;O;;;O;O;;;;6;;;;;;;;;;;;;;;;;;;;
44230;4.4.2 - 3;0404020300;;;;;;;3;Autres fondations;;;;;;O;;;O;O;;;;6;;;;;;;;;;;;;;;;;;;;
44240;4.4.2 - 4;0404020400;;;;;;;4;Partenaires libres n1, n2, n3;;;;;;;;;O;O;;;;6;;;;;;;;;;;;;;;;;;;;
45000;4.5;0405000000;;;5;Envois en nombre;;;;;;;;;;;;;;;;;;;;;;;;;;;;;;;;;;;;;;
45100;4.5.1;0405010000;;;;;1;Catégories libres n1, n2, n3;;;;;;;;;;;;;;;;;;;;;;;;;;;;;;;;;;;;
45110;4.5.1 - 1;0405010100;;;;;;;1;Groupes libres n1, n2, n3;;;;;;;;;O;O;;;;;;;;;;;;;;;;;;;;;;;;
45200;4.6;0406000000;;;6;VIP;;;;;;;;;;;;;;;;;;;;;;;;;;;;;;;;;;;;;;
45210;4.6.1;0406010000;;;;;1;Invitations;;;;;;;;;;;;;;;;;;;;;;;;;;;;;;;;;;;;
45220;4.6.1 - 1;0406010100;;;;;;;1;VIP libres n1, n2, n3;;;;;;;;;O;O;;;;;;;;;;;;;;;;;;;;;;;;
50000;5;0500000000;5;Missions communes;;;;;;;;;;;;;;;;;;;;;;;;;;;;;;;;;;;;;;;;
50100;5.1;0501000000;;;1;Autorités Organes;;;;;;;;;;;;;;;;;;;;;;;;;;;;;;;;;;;;;;
50200;5.1.1;0501010000;;;;;1;Commissions;;;;;;;;;;;;;;;;;;;;;;;;;;;;;;;;;;;;
50210;5.1.1 - 1;0501010100;;;;;;;1;CoCoMiCo;;;;;;;;;O;;;;?;2;;;;;;;;;;;;;;;;;;;;
50300;5.1.2;0501020000;;;;;2;Conseils;;;;;;;;;;;;;;;;;;;;;;;;;;;;;;;;;;;;
50310;5.1.2 - 1;0501020100;;;;;;;1;CADEMS;;;O;O;;O;;;O;;;;?;2;;CADEMS;;;;;;;;;;;;;;;;;;
50320;5.1.2 - 2;0501020200;;;;;;;2;CAHOSP;;;O;O;;O;;;O;;;;?;2;;CAHOSP;;;;;;;;;;;;;;;;;;
50330;5.1.2 - 3;0501020300;;;;;;;3;CAOMI;;;O;O;;O;;;O;;;;?;2;;CAOMI;;;;;;;;;;;;;;;;;;
50340;5.1.2 - 4;0501020400;;;;;;;4;CAP;;;O;O;;O;;;O;;;;?;2;;CAP;;;;;;;;;;;;;;;;;;
50350;5.1.2 - 5;0501020500;;;;;;;5;COPAR;;;O;O;;O;;;O;;;;?;2;;COPAR;;;;;;;;;;;;;;;;;;
50360;5.1.2 - 6;0501020600;;;;;;;6;COMET;;;O;O;;O;;;O;;;;?;2;;COMET;;;;;;;;;;;;;;;;;;
50370;5.1.2 - 7;0501020700;;;;;;;7;CAOER;;;O;O;;O;;;O;;;;?;2;;CAOER;;;;;;;;;;;;;;;;;;
50380;5.1.2 - 8;0501020800;;;;;;;8;CADES;;;O;O;;O;;;O;;;;?;2;;CADES;;;;;;;;;;;;;;;;;;
50390;5.1.2 - 9;0501020900;;;;;;;9;CAGEP;;;O;O;;O;;;O;;;;?;2;;CAGEP;;;;;;;;;;;;;;;;;;
50400;5.1.2 - 10;0501021000;;;;;;;10;CAHES;;;O;O;;O;;;O;;;;?;2;;CAHES;;;;;;;;;;;;;;;;;;
50410;5.1.2 - 11;0501021100;;;;;;;11;CAOE;;;O;O;;O;;;O;;;;?;2;;CAOE;;;;;;;;;;;;;;;;;;
50420;5.1.2 - 12;0501021200;;;;;;;12;COI;;;O;O;;O;;;O;;;;??;2;;;;;;;;;;;;;;;;;;;;
50500;5.1.3;0501030000;;;;;3;Equipe, Conseils informels;;;;;O;O;;O;;;O;;;;?;;;;;;;;;;;;;;;;;;;;;
50510;5.1.3 - 1;0501030100;;;;;;;1;ASPUR;;;O;O;;O;;;;;;;;2;;;;;;;;;;;;;;;;;;;;
50520;5.1.3 - 2;0501030200;;;;;;;2;Conseil Sourds et Malentendants;;;;;;;;;;;;;;2;;SOURDS;;;;;;;;;;;;;;;;;;
50600;5.1.4;0501040000;;;;;4;Plateforme, groupe de contacts;;;;;;;;;;;;;;;;;;;;;;;;;;;;;;;;;;;;
50610;5.1.4 - 1;0501040100;;;;;;;1;GSI;;;;;;;;;;;;;;;;;;;;;;;;;;;;;;;;;;
50620;5.1.4 - 2;0501040200;;;;;;;2;Libres n1, n2, n3;;;;;;;;;;;;;;;;;;;;;;;;;;;;;;;;;;
51000;5.2;0502000000;;;2;Aumôneries, Activités;;;;;;;;;;;;;;;;;;;;;;;;;;;;;;;;;;;;;;
51100;5.2.1;0502010000;;;;;1;EMS;;;;;;;;;;;;;;;;;;;;;;;;;;;;;;;;;;;;
51110;5.2.1 - 1;0502010100;;;;;;;1;Staff;;;;;;;;;O;;;;;10;;;;;;;;;;;;;;;;;;;;
51120;5.2.1 - 2;0502010200;;;;;;;2;Activités libres n1, n2, n3;;;O;O;;O;;;O;;;;;;;;;;;;;;;;;;;;;;;;;
51200;5.2.2;0502020000;;;;;2;Hôpitaux;;;;;;;;;;;;;;;;;;;;;;;;;;;;;;;;;;;;
51210;5.2.2 - 1;0502020100;;;;;;;1;Staff;;;O;O;;O;;;O;;;;;10;;;;;;;;;;;;;;;;;;;;
51220;5.2.2 - 2;0502020200;;;;;;;2;Activités libres n1, n2, n3;;;O;O;;O;;;O;;;;;;;;;;;;;;;;;;;;;;;;;
51300;5.2.3;0502030000;;;;;3;Mineurs placés;;;;;;;;;;;;;;;;;;;;;;;;;;;;;;;;;;;;
51310;5.2.3 - 1;0502030100;;;;;;;1;Staff;;;O;O;;O;;;O;;;;;10;;;;;;;;;;;;;;;;;;;;
51320;5.2.3 - 2;0502030200;;;;;;;2;Activités libres n1, n2, n3;;;O;O;;O;;;O;;;;;;;;;;;;;;;;;;;;;;;;;
51400;5.2.4;0502040000;;;;;4;Prisons;;;;;;;;;;;;;;;;;;;;;;;;;;;;;;;;;;;;
51410;5.2.4 - 1;0502040100;;;;;;;1;Staff;;;O;O;;O;;;O;;;;;10;;;;;;;;;;;;;;;;;;;;
51420;5.2.4 - 2;0502040200;;;;;;;2;Activités libres n1, n2, n3;;;O;O;;O;;;O;;;;;;;;;;;;;;;;;;;;;;;;;
51500;5.2.5;0502050000;;;;;5;Rue;;;;;;;;;;;;;;;;;;;;;;;;;;;;;;;;;;;;
51520;5.2.5 - 1;0502050100;;;;;;;1;Staff;;;O;O;;O;;;O;;;;;10;;;;;;;;;;;;;;;;;;;;
51530;5.2.5 - 2;0502050200;;;;;;;2;Activités libres n1, n2, n3;;;O;O;;O;;;O;;;;;;;;;;;;;;;;;;;;;;;;;
51600;5.2.6;0502060000;;;;;6;Monde du Travail;;;;;;;;;;;;;;;;;;;;;;;;;;;;;;;;;;;;
51610;5.2.6 - 1;0502060100;;;;;;;1;Staff;;;O;O;;O;;;O;;;;;10;;;;;;;;;;;;;;;;;;;;
51620;5.2.6 - 2;0502060200;;;;;;;2;Activités libres n1, n2, n3;;;O;O;;O;;;O;;;;;;;;;;;;;;;;;;;;;;;;;
51700;5.2.7;0502070000;;;;;7;Réfugiés;;;;;;;;;;;;;;;;;;;;;;;;;;;;;;;;;;;;
51710;5.2.7 - 1;0502070100;;;;;;;1;Staff;;;O;O;;O;;;O;;;;;10;;;;;;;;;;;;;;;;;;;;
51720;5.2.7 - 2;0502070200;;;;;;;2;Activités libres n1, n2, n3;;;O;O;;O;;;O;;;;;;;;;;;;;;;;;;;;;;;;;
51800;5.2.8;0502080000;;;;;8;Education spécialisée;;;;;;;;;;;;;;;;;;;;;;;;;;;;;;;;;;;;
51810;5.2.8 - 1;0502080100;;;;;;;1;Staff;;;O;O;;O;;;O;;;;;10;;;;;;;;;;;;;;;;;;;;
51820;5.2.8 - 2;0502080200;;;;;;;2;Activités libres n1, n2, n3;;;O;O;;O;;;O;;;;;;;;;;;;;;;;;;;;;;;;;
51900;5.2.9;0502090000;;;;;9;Gymnases, Ec. Professionnelles;;;;;;;;;;;;;;;;;;;;;;;;;;;;;;;;;;;;
51910;5.2.9 - 1;0502090100;;;;;;;1;Staff;;;O;O;;O;;;O;;;;;10;;;;;;;;;;;;;;;;;;;;
51920;5.2.9 - 2;0502090200;;;;;;;2;Activités libres n1, n2, n3;;;O;O;;O;;;O;;;;;;;;;;;;;;;;;;;;;;;;;
52000;5.2.10;0502100000;;;;;10;Hautes Ecoles Spécialisées;;;;;;;;;;;;;;;;;;;;;;;;;;;;;;;;;;;;
52010;5.2.10 - 1;0502100100;;;;;;;1;Staff;;;O;O;;O;;;O;;;;;10;;;;;;;;;;;;;;;;;;;;
52020;5.2.10 - 2;0502100200;;;;;;;2;Activités libres n1, n2, n3;;;O;O;;O;;;O;;;;;;;;;;;;;;;;;;;;;;;;;
52100;5.2.11;0502110000;;;;;11;UNIL / EPFL;;;;;;;;;;;;;;;;;;;;;;;;;;;;;;;;;;;;
52110;5.2.11;0502110000;;;;;;;1;Staff;;;O;O;;O;;;O;;;;;10;;;;;;;;;;;;;;;;;;;;
52120;5.2.11 - 1;0502110100;;;;;;;2;Activités libres n1, n2, n3;;;O;O;;O;;;O;;;;;;;;;;;;;;;;;;;;;;;;;
52200;5.2.11 - 1;0502110100;;;;;11;Dialogues œcuménique et interreligieux;;;;;;;;;;;;;;;;;;;;;;;;;;;;;;;;;;;;
52210;5.2.11 - 2;0502110200;;;;;;;1;Staff;;;O;O;;O;;;O;;;;;10;;;;;;;;;;;;;;;;;;;;
52220;5.2.11 - 2;0502110200;;;;;;;2;Activités libres n1, n2, n3;;;O;O;;O;;;O;;;;;;;;;;;;;;;;;;;;;;;;;
52300;5.2.12;0502120000;;;;;12;ASPUR;;;;;;;;;;;;;;;;;;;;;;;;;;;;;;;;;;;;
52310;5.2.12 - 1;0502120100;;;;;;;1;Staff;;;O;O;;O;;;O;;;?;;10;;;;;;;;;;;;;;;;;;;;
52320;5.2.12 - 2;0502120200;;;;;;;2;Activités libres n1, n2, n3;;;O;O;;O;;;O;;;?;;;;;;;;;;;;;;;;;;;;;;
52400;5.2.13;0502130000;;;;;13;Sourds et malentendants;;;;;;;;;;;;;;;;;;;;;;;;;;;;;;;;;;;;
52410;5.2.13 - 1;0502130100;;;;;;;1;Staff;;;;;;;;;;;;;;10;;;;;;;;;;;;;;;;;;;;
52420;5.2.13 - 2;0502130200;;;;;;;2;Activités libres n1, n2, n3;;;;;;;;;;;;;;;;;;;;;;;;;;;;;;;;;;
52500;5.2.14;0502140000;;;;;14;Visites Classes;;;;;;;;;;;;;;;;;;;;;;;;;;;;;;;;;;;;
52510;5.2.14 - 1;0502140100;;;;;;;1;Ministres accrédités;;;O;O;;O;;;;;;;;;;;;;;;;;;;;;;;;;;;;
52520;5.2.14 - 2;0502140200;;;;;;;2;Formations n1, n2, n3;;;;;;;;;;;;;;;;;;;;;;;;;;;;;;;;;;
60000;6;0600000000;6;Relations extérieures;;;;;;;;;;;;;;;;;;;;;;;;;;;;;;;;;;;;;;;;
61000;6.1;0601000000;;;1;Partenaires;;;;;;;;;;;;;;;;;;;;;;;;;;;;;;;;;;;;;;
61100;6.1.1;0601010000;;;;;1;Institutions;;;;;;;;;;;;;;;;;;;;;;;;;;;;;;;;;;;;
61110;6.1.1 - 1;0601010100;;;;;;;1;EMS;;;;;;;;;;;;;;;;;;;;;;;;;;;;;;;;;;
61120;6.1.1 - 1.1;0601010101;;;;;;;;;1;n1, n2, n3;O;O;;O;;;O;;;;;11;;;;;;;;;;;;;;;;;;;;
61200;6.1.1 - 2;0601010200;;;;;;;2;CMS;;;;;;;;;;;;;;;;;;;;;;;;;;;;;;;;;;
61210;6.1.1 - 2.1;0601010201;;;;;;;;;1;n1, n2, n3;O;O;;O;;;O;;;;;11;;;;;;;;;;;;;;;;;;;;
61300;6.1.1 - 3;0601010300;;;;;;;3;Hôpitaux et cliniques;;;;;;;;;;;;;;;;;;;;;;;;;;;;;;;;;;
61310;6.1.1 - 3.1;0601010301;;;;;;;;;1;n1, n2, n3;O;O;;O;;;O;;;;;11;;;;;;;;;;;;;;;;;;;;
61400;6.1.1 - 4;0601010400;;;;;;;4;Prisons;;;;;;;;;;;;;;;;;;;;;;;;;;;;;;;;;;
61410;6.1.1 - 4.1;0601010401;;;;;;;;;1;n1, n2, n3;O;O;;O;;;O;;;;;11;;;;;;;;;;;;;;;;;;;;
61500;6.1.1 - 5;0601010500;;;;;;;5;Hautes Ecoles;;;;;;;;;;;;;;;;;;;;;;;;;;;;;;;;;;
61510;6.1.1 - 5.1;0601010501;;;;;;;;;1;n1, n2, n3;O;O;;O;;;O;;;;;11;;;;;;;;;;;;;;;;;;;;
61600;6.1.1 - 6;0601010600;;;;;;;6;Gymnases;;;;;;;;;;;;;;;;;;;;;;;;;;;;;;;;;;
61610;6.1.1 - 6.1;0601010601;;;;;;;;;1;n1, n2, n3;O;O;;O;;;O;;;;;11;;;;;;;;;;;;;;;;;;;;
61700;6.1.1 - 7;0601010700;;;;;;;7;Ecoles professionnelles;;;;;;;;;;;;;;;;;;;;;;;;;;;;;;;;;;
61710;6.1.1 - 7.1;0601010701;;;;;;;;;1;n1, n2, n3;O;O;;O;;;O;;;;;11;;;;;;;;;;;;;;;;;;;;
61800;6.1.1 - 8;0601010800;;;;;;;8;Education spécialisée;;;;;;;;;;;;;;;;;;;;;;;;;;;;;;;;;;
61810;6.1.1 - 8.1;0601010801;;;;;;;;;1;n1, n2, n3;O;O;;O;;;O;;;;;11;;;;;;;;;;;;;;;;;;;;
62000;6.1.2;0601020000;;;;;2;Autorités politiques;;;;;;;;;;;;;;;;;;;;;;;;;;;;;;;;;;;;
62100;6.1.2 - 1;0601020100;;;;;;;1;Conseil d'Etat;;;O;O;;O;;;O;;;;;17;;CET;;;;;;;;;;;;;;;;;;
62200;6.1.2 - 2;0601020200;;;;;;;2;Grand Conseil;;;O;O;;O;;;O;;;;;7;;;;;;;;;;;;;;;;;;;;
62300;6.1.2 - 3;0601020300;;;;;;;3;Députés Conseil national / aux Etats;;;O;O;;O;;;O;;;;;;;;;;;;;;;;;;;;;;;;;
62400;6.1.2 - 4;0601020400;;;;;;;4;Préfets;;;O;O;;O;;;;;;;;17;;;;;;;;;;;;;;;;;;;;
62500;6.1.2 - 5;0601020500;;;;;;;5;SECRI;;;O;O;;;;;;;;;;11;;;;;;;;;;;;;;;;;;;;
62600;6.1.2 - 6;0601020600;;;;;;;6;SIPAL;;;O;O;;;;;O;;;;;11;;;;;;;;;;;;;;;;;;;;
63000;6.1.3;0601030000;;;;;3;Partenaires non commerciaux;;;;;;;;;;;;;;;;;;;;;;;;;;;;;;;;;;;;
63100;6.1.3 - 1;0601030100;;;;;;;1;Pompes funèbres;;;O;O;;O;;;O;;;;;11;;;;;;;;;;;;;;;;;;;;
63200;6.1.3 - 2;0601030200;;;;;;;2;Groupes libres n1, n2, n3;;;O;O;;O;;;;;;;;11;;;;;;;;;;;;;;;;;;;;
64000;6.1.4;0601040000;;;;;4;Partenaires commerciaux;;;;;;;;;;;;;;;;;;;;;;;;;;;;;;;;;;;;
64100;6.1.4 - 1;0601040100;;;;;;;1;Réguliers;;;O;O;;;;;;;;;;;;;;;;;;;;;;;;;;;;;;
64110;6.1.4 - 1;0601040100;;;;;;;;;1;Swisscom;O;O;;;;;;;;;;11;;;;;;;;;;;;;;;;;;;;
64120;6.1.4 - 1.1;0601040101;;;;;;;;;2;Prodata;O;O;;;;;;;;;;11;;;;;;;;;;;;;;;;;;;;
64130;6.1.4 - 1.1;0601040101;;;;;;;;;3;n1, n2, n3;O;O;;;;;;;;;;11;;;;;;;;;;;;;;;;;;;;
64200;6.1.4 - 1.2;0601040102;;;;;;;1;Occasionnels;;;;;;;;;;;;;;;;;;;;;;;;;;;;;;;;;;
64210;6.1.4 - 1.3;0601040103;;;;;;;;;1;n1, n2, n3;O;O;;;;;;;;;;11;;;;;;;;;;;;;;;;;;;;
64220;6.1.5;0601050000;;;;;5;Catégories libres n1, n2, n3;;;;;;;;;;;;;;;;;;;;;;;;;;;;;;;;;;;;
64300;6.1.5 - 1;0601050100;;;;;;;1;Groupes libres n1, n2, n3;;;O;O;;;;;;;;;;;;;;;;;;;;;;;;;;;;;;
70000;6.2;0602000000;;;2;CER;;;;;;;;;;;;;;;;;;;;;;;;;;;;;;;;;;;;;;
70100;6.2.1;0602010000;;;;;1;Eglises membres CER;;;;;;;;;;;;;;;;;;EGR;;;;;;;;;;;;;;;;;;
70110;6.2.1 - 1;0602010100;;;;;;;1;Berne-Jura-Soleure (BEJUSO);;;O;O;;;;;;;;;;12;;;;;;;;;;;;;;;;;;;;
70120;6.2.1 - 2;0602010200;;;;;;;2;CERFSA;;;O;O;;;;;;;;;;12;;;;;;;;;;;;;;;;;;;;
70130;6.2.1 - 3;0602010300;;;;;;;3;Fribourg;;;O;O;;;;;;;;;;12;;;;;;;;;;;;;;;;;;;;
70140;6.2.1 - 4;0602010400;;;;;;;4;Genève;;;O;O;;;;;;;;;;12;;;;;;;;;;;;;;;;;;;;
70150;6.2.1 - 5;0602010500;;;;;;;5;Neuchâtel;;;O;O;;;;;;;;;;12;;;;;;;;;;;;;;;;;;;;
70160;6.2.1 - 6;0602010600;;;;;;;6;Valais;;;O;O;;;;;;;;;;12;;;;;;;;;;;;;;;;;;;;
70170;6.2.1 - 7;0602010700;;;;;;;7;Vaud;;;O;O;;;;;;;;;;12;;;;;;;;;;;;;;;;;;;;
70200;6.2.2;0602020000;;;;;2;Organes CER;;;;;;;;;;;;;;;;;;;;;;;;;;;;;;;;;;;;
70210;6.2.2 - 1;0602020100;;;;;;;1;BCER;;;O;O;;;;;;;;;;;;BCER;;;;;;;;;;;;;;;;;;
70220;6.2.2 - 2;0602020200;;;;;;;2;PTNER;;;O;O;;;;;;;;;;;;;;;;;;;;;;;;;;;;;;
70230;6.2.2 - 3;0602020300;;;;;;;3;Département protestant de la Formation;;;O;O;;;;;;;;;;13;;;;;;;;;;;;;;;;;;;;
70240;6.2.2 - 4;0602020400;;;;;;;4;Médias-Pro;;;O;O;;;;;;;;;;13;;;;;;;;;;;;;;;;;;;;
70250;6.2.2 - 5;0602020500;;;;;;;5;Dép. prot. Editions Chrétiennes;;;O;O;;;;;;;;;;13;;;;;;;;;;;;;;;;;;;;
70300;6.2.3;0602030000;;;;;3;Groupes CER Divers;;;;;;;;;;;;;;;;;;;;;;;;;;;;;;;;;;;;
70310;6.2.3 - 1;0602030100;;;;;;;1;n1,n2,n3;;;;;;;;;;;;;;;;;;;;;;;;;;;;;;;;;;
71000;6.3;0603000000;;;3;Eglises hors CER;;;;;;;;;;;;;;;;;;;;;;;;;;;;;;;;;;;;;;
71100;6.3.1;0603010000;;;;;1;Eglises réformées Suisse allemande;;;;;;;;;;;;;;;;;;;;;;;;;;;;;;;;;;;;
71110;6.3.1 - 1;0603010100;;;;;;;1;Appenzell;;;O;O;;;;;;;;;;13;;;;;;;;;;;;;;;;;;;;
71120;6.3.1 - 2;0603010200;;;;;;;2;Argovie;;;O;O;;;;;;;;;;13;;;;;;;;;;;;;;;;;;;;
71130;6.3.1 - 3;0603010300;;;;;;;3;Bâle-campagne;;;O;O;;;;;;;;;;13;;;;;;;;;;;;;;;;;;;;
71140;6.3.1 - 4;0603010400;;;;;;;4;Bâle-ville;;;O;O;;;;;;;;;;13;;;;;;;;;;;;;;;;;;;;
71150;6.3.1 - 5;0603010500;;;;;;;5;Grisons;;;O;O;;;;;;;;;;13;;;;;;;;;;;;;;;;;;;;
71160;6.3.1 - 6;0603010600;;;;;;;6;Lucerne;;;O;O;;;;;;;;;;13;;;;;;;;;;;;;;;;;;;;
71170;6.3.1 - 7;0603010700;;;;;;;7;Schafouse;;;O;O;;;;;;;;;;13;;;;;;;;;;;;;;;;;;;;
71180;6.3.1 - 8;0603010800;;;;;;;8;Schwitz;;;O;O;;;;;;;;;;13;;;;;;;;;;;;;;;;;;;;
71190;6.3.1 - 9;0603010900;;;;;;;9;Soleure;;;O;O;;;;;;;;;;13;;;;;;;;;;;;;;;;;;;;
71200;6.3.1 - 10;0603011000;;;;;;;10;St-Gall;;;O;O;;;;;;;;;;13;;;;;;;;;;;;;;;;;;;;
71210;6.3.1 - 11;0603011100;;;;;;;11;Tessin;;;O;O;;;;;;;;;;13;;;;;;;;;;;;;;;;;;;;
71220;6.3.1 - 12;0603011200;;;;;;;12;Thurgovie;;;O;O;;;;;;;;;;13;;;;;;;;;;;;;;;;;;;;
71230;6.3.1 - 13;0603011300;;;;;;;13;Unterwald;;;O;O;;;;;;;;;;13;;;;;;;;;;;;;;;;;;;;
71240;6.3.1 - 14;0603011400;;;;;;;14;Uri;;;O;O;;;;;;;;;;13;;;;;;;;;;;;;;;;;;;;
71250;6.3.1 - 15;0603011500;;;;;;;15;Zug;;;O;O;;;;;;;;;;13;;;;;;;;;;;;;;;;;;;;
71260;6.3.1 - 16;0603011600;;;;;;;16;Zurich;;;O;O;;;;;;;;;;13;;;;;;;;;;;;;;;;;;;;
72000;6.4;0604000000;;;4;FEPS;;;;;;;;;;;;;;;;;;;;;;;;;;;;;;;;;;;;;;
72100;6.4.1;0604010000;;;;;1;Organes;;;;;O;O;;O;;;O;;;;;;;;;;;;;;;;;;;;;;;;;
72110;6.4.1 - 1;0604010100;;;;;;;1;Conseil;;;O;O;;O;;;O;;;;;2;;;;;;;;;;;;;;;;;;;;
72120;6.4.1 - 2;0604010200;;;;;;;2;Assemblée délégués;;;O;O;;O;;;O;;;;;;;;;;;;;;;;;;;;;;;;;
72130;6.4.1 - 2.1;0604010201;;;;;;;;;;Bureau;O;O;;O;;;O;;;;;1;;;;;;;;;;;;;;;;;;;;
72140;6.4.1 - 2.2;0604010202;;;;;;;;;;Délégués vaudois;;;;;;;;;;;;;;;;;;;;;;;;;;;;;;;;
72150;6.4.1 - 2.3;0604010203;;;;;;;;;;Délégués CER;;;;;;;;;;;;;;;;;;;;;;;;;;;;;;;;
72200;6.4.2;0604020000;;;;;2;Services;;;;;;;;;;;;;;;;;;;;;;;;;;;;;;;;;;;;
72210;6.4.2 - 1;0604020100;;;;;;;1;Administration;;;;;;;;;;;;;;14;;;;;;;;;;;;;;;;;;;;
72220;6.4.2 - 2;0604020200;;;;;;;2;Ethique et théologie;;;;;;;;;;;;;;14;;;;;;;;;;;;;;;;;;;;
72230;6.4.2 - 3;0604020300;;;;;;;3;Eglises en relations;;;O;O;;O;;;O;;;;;14;;;;;;;;;;;;;;;;;;;;
72240;6.4.2 - 4;0604020400;;;;;;;4;Communication;;;;;;;;;;;;;;14;;;;;;;;;;;;;;;;;;;;
73000;6.5;0605000000;;;5;Oeuvres;;;;;;;;;;;;;;;;;;;;;;;;;;;;;;;;;;;;;;
73100;6.5.1;0605010000;;;;;1;Entraide;;;;;;;;;;;;;;;;;;;;;;;;;;;;;;;;;;;;
73110;6.5.1 - 1;0605010100;;;;;;;1;EPER;;;;;;;;;;;;;;11;;;;;;;;;;;;;;;;;;;;
73120;6.5.1 - 2;0605010200;;;;;;;2;PPP;;;;;;;;;;;;;;11;;;;;;;;;;;;;;;;;;;;
73200;6.5.2;0605020000;;;;;2;Mission;;;;;;;;;;;;;;;;;;;;;;;;;;;;;;;;;;;;
73210;6.5.2 - 1;0605020100;;;;;;;1;DM-Echanges et mission;;;;;;;;;;;;;;11;;;;;;;;;;;;;;;;;;;;
73300;6.5.3;0605030000;;;;;3;Social;;;;;;;;;;;;;;;;;;;;;;;;;;;;;;;;;;;;
73310;6.5.3 - 1;0605030100;;;;;;;1;CSP Vaud;;;;;;;;;;;;;;11;;;;;;;;;;;;;;;;;;;;
74000;6.6;0606000000;;;6;Eglises réformées à l'étranger;;;;;;;;;;;;;;;;;;;;;;;;;;;;;;;;;;;;;;
74100;6.6.1;0606010000;;;;;1;France;;;;;;;;;;;;;;;;;;;;;;;;;;;;;;;;;;;;
74110;6.6.1 - 1;0606010100;;;;;;;1;ERF;;;O;O;;;;;;;;;;13;;Pas de code;;;;;;;;;;;;;;;;;;
74120;6.6.1 - 1;0606010100;;;;;;;2;EPAL;;;O;O;;;;;;;;;;13;;Pas de code;;;;;;;;;;;;;;;;;;
74130;6.6.1 - 2;0606010200;;;;;;;3;EPUB;;;O;O;;;;;;;;;;13;;Pas de code;;;;;;;;;;;;;;;;;;
74140;6.6.1 - 3;0606010300;;;;;;;4;CPLR;;;O;O;;;;;;;;;;13;;Pas de code;;;;;;;;;;;;;;;;;;
74150;6.6.1 - 4;0606010400;;;;;;;1;n1,n2,n3;;;O;O;;;;;;;;;;13;;;;;;;;;;;;;;;;;;;;
74200;6.6.2;0606020000;;;;;2;Eglises réformées, divers;;;;;;;;;;;;;;;;;;;;;;;;;;;;;;;;;;;;
74210;6.6.2 - 1;0606020100;;;;;;;1;n1,n2,n3;;;;;;;;;;;;;;;;;;;;;;;;;;;;;;;;;;
75000;6.7;0607000000;;;7;Eglise catholique;;;;;;;;;;;;;;;;;;;;;;;;;;;;;;;;;;;;;;
75100;6.7.1;0607010000;;;;;1;Direction;;;;;;;;;;;;;;;;;;;;;;;;;;;;;;;;;;;;
75110;6.7.1 - 1;0607010100;;;;;;;1;Vicariat;;;;;;;;;;;;;;2;;;;;;;;;;;;;;;;;;;;
75120;6.7.1 - 2;0607010200;;;;;;;2;FEDEC;;;O;O;;;;;;;;;;2;;;;;;;;;;;;;;;;;;;;
75130;6.7.1 - 2;0607010200;;;;;;;3;Conseil ECVD;;;O;O;;;;;;;;;;2;;;;;;;;;;;;;;;;;;;;
75200;6.7.2;0607020000;;;;;2;Services;;;;;O;O;;;;;;;;;;;;;;;;;;;;;;;;;;;;;;
75210;6.7.2 - 1;0607020100;;;;;;;1;Santé;;;O;O;;;;;;;;;;14;;;;;;;;;;;;;;;;;;;;
75220;6.7.2 - 2;0607020200;;;;;;;2;Solidarité;;;O;O;;;;;;;;;;14;;;;;;;;;;;;;;;;;;;;
75230;6.7.2 - 3;0607020300;;;;;;;3;Formation;;;O;O;;;;;;;;;;14;;;;;;;;;;;;;;;;;;;;
75240;6.7.2 - 4;0607020400;;;;;;;4;Communication;;;O;O;;;;;;;;;;14;;;;;;;;;;;;;;;;;;;;
75300;6.7.3;0607030000;;;;;3;Unités pastorales;;;;;;;;;;;;;;;;;;;;;;;;;;;;;;;;;;;;
75310;6.7.3 - 1;0607030100;;;;;;;1;Unités 1;;;O;O;;;;;;;;;;15;;;;;;;;;;;;;;;;;;;;
75320;6.7.3 - 2;0607030200;;;;;;;2;Unité 2…n;;;O;O;;;;;;;;;;15;;;;;;;;;;;;;;;;;;;;
75400;6.7.4;0607040000;;;;;4;Diocèse;;;;;;;;;;;;;;;;;;;;;;;;;;;;;;;;;;;;
75410;6.7.4 - 1;0607040100;;;;;;;1;Administration diocésaine;;;O;O;;;;;;;;;;;;;;;;;;;;;;;;;;;;;;
76000;6.8;0608000000;;;8;Autres Eglises et communautés;;;;;;;;;;;;;;;;;;;;;;;;;;;;;;;;;;;;;;
76100;6.8.1;0608010000;;;;;1;CECCV;;;;;;;;;;;;;;;;;;;;;;;;;;;;;;;;;;;;
76110;6.8.1 - 1;0608010100;;;;;;;1;Comité;;;O;O;;;;;;;;;;6;;;;;;;;;;;;;;;;;;;;
76120;6.8.1 - 2;0608010200;;;;;;;2;Membres de la CECCV;;;O;O;;;;;;;;;;;;;;;;;;;;;;;;;;;;;;
76200;6.8.2;0608020000;;;;;2;CILV;;;;;;;;;;;;;;;;;;;;;;;;;;;;;;;;;;;;
76210;6.8.2 - 1;0608020100;;;;;;;1;Comité;;;O;O;;;;;;;;;;6;;;;;;;;;;;;;;;;;;;;
76300;6.8.3;0608030000;;;;;3;FEV;;;;;;;;;;;;;;;;;;;;;;;;;;;;;;;;;;;;
76310;6.8.3 - 1;0608030100;;;;;;;1;Comité;;;O;O;;;;;;;;;;6;;;;;;;;;;;;;;;;;;;;
76400;6.8.4;0608040000;;;;;4;Eglise orthodoxe;;;;;;;;;;;;;;;;;;;;;;;;;;;;;;;;;;;;
76410;6.8.4 - 1;0608040100;;;;;;;1;Administration;;;O;O;;;;;;;;;;;;;;;;;;;;;;;;;;;;;;
76420;6.8.4 - 2;0608040200;;;;;;;2;Popes;;;O;O;;;;;;;;;;;;;;;;;;;;;;;;;;;;;;
76500;6.8.5;0608050000;;;;;5;Eglise anglicane;;;;;;;;;;;;;;;;;;;;;;;;;;;;;;;;;;;;
76510;6.8.5 - 1;0608050100;;;;;;;1;Administration;;;O;O;;;;;;;;;;;;;;;;;;;;;;;;;;;;;;
76520;6.8.5 - 2;0608050200;;;;;;;2;Prêtres;;;O;O;;;;;;;;;;;;;;;;;;;;;;;;;;;;;;
76600;6.8.6;0608060000;;;;;6;Catégories libres n1, n2, n3;;;;;;;;;;;;;;;;;;;;;;;;;;;;;;;;;;;;
76610;6.8.6 - 1;0608060100;;;;;;;1;Groupes libres n1, n2, n3;;;O;O;;;;;;;;;;;;;;;;;;;;;;;;;;;;;;
77000;6.9;0609000000;;;9;Autres;;;;;;;;;;;;;;;;;;;;;;;;;;;;;;;;;;;;;;
77100;6.9.1;0609010000;;;;;1;Délégations;;;;;;;;;;;;;;;;;;;;;;;;;;;;;;;;;;;;
77110;6.9.1 - 1;0609010100;;;;;;;1;Délégations libres n1, n2, n3;;;O;O;;;;;;;;;;;;;;;;;;;;;;;;;;;;;;
77200;6.9.2;0609020000;;;;;2;Catégories libres n1, n2, n3;;;;;;;;;;;;;;;;;;;;;;;;;;;;;;;;;;;;
77210;6.9.2 - 1;0609020100;;;;;;;1;Groupes libres n1, n2, n3;;;O;O;;;;;;;;;;;;;;;;;;;;;;;;;;;;;;
78000;6.10;0610000000;;;10;VIP;;;;;;;;;;;;;;;;;;;;;;;;;;;;;;;;;;;;;;
78100;6.10.1;0610010000;;;;;1;Invitations;;;;;;;;;;;;;;;;;;;;;;;;;;;;;;;;;;;;
78110;6.10.1 - 1;0610010100;;;;;;;1;VIP Culte consécration 2012;;;O;O;;;;;;;;;;;;;;;;;;;;;;;;;;;;;;
78120;6.10.1 - 2;0610010200;;;;;;;2;VIP Culte consécration 2013;;;O;O;;;;;;;;;;;;;;;;;;;;;;;;;;;;;;
78130;6.10.1 - 3;0610010300;;;;;;;3;VIP Culte consécration 2014;;;O;O;;;;;;;;;;;;;;;;;;;;;;;;;;;;;;
78140;6.10.1 - 4;0610010400;;;;;;;4;VIP libres n1, n2, n3;;;O;O;;;;;;;;;;;;;;;;;;;;;;;;;;;;;;
